smiles,source,N,logN,vectors
[C-]#[O+],Drozdovskaya (19),1.00E+20,20,"[1.3695064, 0.88627744, 4.0873847, 0.103379145, -0.12702659, 0.075609416, -0.5094648, 2.1266525, 3.4996789, 2.4984202, -0.5757253, 0.4829058, 0.4711895, 0.1972152, 3.0926614, 0.8800732, 1.372844, 2.0558398, 4.6497965, 0.68064785, -1.0565996, 0.266812, 0.23898508, -0.35747012, -0.18219534, 0.9530047, 0.78409517, 2.7267332, 0.64722806, -2.3887322, -0.053023692, -0.18072243, 0.25584012, 0.11475918, -2.653389, 1.2264055, -1.4310408, 1.947665, -0.5886766, 1.7347853, 0.42343396, -2.2536416, 1.5640669, -1.2819766, -1.9484142, 0.2769828, 0.5829179, 0.5264785, -1.2694125, 1.0257821, -0.6144099, -0.18425351, -2.6923637, -0.116647065, 0.86795956, -0.63627195, -3.5200336, 0.3009872, 0.31811374, -0.09917462, 1.0903504, -0.4864707, 3.0734417, 1.2390528, 0.61272395, -0.052924186, -2.0639422, -0.8864837, -0.33803496, -2.6257687, 0, 0, 0, 0, 0, 0, 0, 0, 0, 0, 0, 0, 0, 0, 0, 2, 0, 0, 0]"
[C-]#[17O+],Drozdovskaya (19),5.00E+16,16.69897,"[1.3695064, 0.88627744, 4.0873847, 0.103379145, -0.12702659, 0.075609416, -0.5094648, 2.1266525, 3.4996789, 2.4984202, -0.5757253, 0.4829058, 0.4711895, 0.1972152, 3.0926614, 0.8800732, 1.372844, 2.0558398, 4.6497965, 0.68064785, -1.0565996, 0.266812, 0.23898508, -0.35747012, -0.18219534, 0.9530047, 0.78409517, 2.7267332, 0.64722806, -2.3887322, -0.053023692, -0.18072243, 0.25584012, 0.11475918, -2.653389, 1.2264055, -1.4310408, 1.947665, -0.5886766, 1.7347853, 0.42343396, -2.2536416, 1.5640669, -1.2819766, -1.9484142, 0.2769828, 0.5829179, 0.5264785, -1.2694125, 1.0257821, -0.6144099, -0.18425351, -2.6923637, -0.116647065, 0.86795956, -0.63627195, -3.5200336, 0.3009872, 0.31811374, -0.09917462, 1.0903504, -0.4864707, 3.0734417, 1.2390528, 0.61272395, -0.052924186, -2.0639422, -0.8864837, -0.33803496, -2.6257687, 0, 0, 0, 0, 0, 1, 0, 0, 0, 0, 0, 0, 0, 0, 0, 2, 0, 0, 0]"
CO,Jorgensen et al. (16/18),1.00E+19,19,"[-0.75515705, 0.20892425, -0.4343065, 0.046391934, 1.8297236, -0.25119233, -1.1185894, 0.04091254, 0.9794757, 0.43460375, 1.2329905, -0.70602244, 0.8645894, -0.030816376, 1.0764873, 0.54961455, -1.5474187, 0.2404416, 1.7026858, -0.16642955, 0.57219565, 0.46542752, 1.0116808, -0.09005384, -2.569351, -0.57624465, -0.7181511, 0.8330092, 0.9968586, -0.418005, 0.34902388, -1.1673391, -0.19274023, -0.830052, -0.4678942, -0.20677853, -0.3896419, 1.3690014, -0.86677337, 1.0137521, -0.17997357, -0.65291333, 0.5311924, 0.017674983, 0.9404755, -0.873057, 1.7521394, -0.48423818, 0.7306218, 0.8380633, -0.21308985, -0.45021522, -0.1997574, -0.2899097, 0.49836257, -0.4421324, -1.721333, 0.5261696, -0.10330561, 0.022938877, -0.7888783, 0.54364645, 0.48275387, 2.2125237, 0.03099209, -0.331052, -0.4416191, -0.17838998, 0.34249818, -0.13501118, 0, 0, 0, 0, 0, 0, 0, 0, 0, 0, 0, 0, 0, 0, 0, 2, 0, 0, 0]"
[2H]C([2H])([2H])O,Ilyushin et al. (21),3.70E+16,16.49136169,"[-0.75515705, 0.20892425, -0.4343065, 0.046391934, 1.8297236, -0.25119233, -1.1185894, 0.04091254, 0.9794757, 0.43460375, 1.2329905, -0.70602244, 0.8645894, -0.030816376, 1.0764873, 0.54961455, -1.5474187, 0.2404416, 1.7026858, -0.16642955, 0.57219565, 0.46542752, 1.0116808, -0.09005384, -2.569351, -0.57624465, -0.7181511, 0.8330092, 0.9968586, -0.418005, 0.34902388, -1.1673391, -0.19274023, -0.830052, -0.4678942, -0.20677853, -0.3896419, 1.3690014, -0.86677337, 1.0137521, -0.17997357, -0.65291333, 0.5311924, 0.017674983, 0.9404755, -0.873057, 1.7521394, -0.48423818, 0.7306218, 0.8380633, -0.21308985, -0.45021522, -0.1997574, -0.2899097, 0.49836257, -0.4421324, -1.721333, 0.5261696, -0.10330561, 0.022938877, -0.7888783, 0.54364645, 0.48275387, 2.2125237, 0.03099209, -0.331052, -0.4416191, -0.17838998, 0.34249818, -0.13501118, 3, 0, 0, 0, 0, 0, 0, 0, 0, 0, 0, 0, 0, 3, 0, 2, 1, 0, 0]"
[2H]CO,Jorgensen et al. (18),7.10E+17,17.85125835,"[-0.75515705, 0.20892425, -0.4343065, 0.046391934, 1.8297236, -0.25119233, -1.1185894, 0.04091254, 0.9794757, 0.43460375, 1.2329905, -0.70602244, 0.8645894, -0.030816376, 1.0764873, 0.54961455, -1.5474187, 0.2404416, 1.7026858, -0.16642955, 0.57219565, 0.46542752, 1.0116808, -0.09005384, -2.569351, -0.57624465, -0.7181511, 0.8330092, 0.9968586, -0.418005, 0.34902388, -1.1673391, -0.19274023, -0.830052, -0.4678942, -0.20677853, -0.3896419, 1.3690014, -0.86677337, 1.0137521, -0.17997357, -0.65291333, 0.5311924, 0.017674983, 0.9404755, -0.873057, 1.7521394, -0.48423818, 0.7306218, 0.8380633, -0.21308985, -0.45021522, -0.1997574, -0.2899097, 0.49836257, -0.4421324, -1.721333, 0.5261696, -0.10330561, 0.022938877, -0.7888783, 0.54364645, 0.48275387, 2.2125237, 0.03099209, -0.331052, -0.4416191, -0.17838998, 0.34249818, -0.13501118, 1, 0, 0, 0, 0, 0, 0, 0, 0, 0, 0, 0, 0, 1, 0, 2, 1, 0, 0]"
[2H]OC,Jorgensen et al. (18),1.80E+17,17.25527251,"[-0.75515705, 0.20892425, -0.4343065, 0.046391934, 1.8297236, -0.25119233, -1.1185894, 0.04091254, 0.9794757, 0.43460375, 1.2329905, -0.70602244, 0.8645894, -0.030816376, 1.0764873, 0.54961455, -1.5474187, 0.2404416, 1.7026858, -0.16642955, 0.57219565, 0.46542752, 1.0116808, -0.09005384, -2.569351, -0.57624465, -0.7181511, 0.8330092, 0.9968586, -0.418005, 0.34902388, -1.1673391, -0.19274023, -0.830052, -0.4678942, -0.20677853, -0.3896419, 1.3690014, -0.86677337, 1.0137521, -0.17997357, -0.65291333, 0.5311924, 0.017674983, 0.9404755, -0.873057, 1.7521394, -0.48423818, 0.7306218, 0.8380633, -0.21308985, -0.45021522, -0.1997574, -0.2899097, 0.49836257, -0.4421324, -1.721333, 0.5261696, -0.10330561, 0.022938877, -0.7888783, 0.54364645, 0.48275387, 2.2125237, 0.03099209, -0.331052, -0.4416191, -0.17838998, 0.34249818, -0.13501118, 1, 0, 0, 0, 0, 0, 0, 0, 0, 0, 0, 0, 0, 0, 1, 2, 0, 1, 0]"
C[18OH],Jorgensen et al. (16),1.87E+16,16.27184161,"[-0.75515705, 0.20892425, -0.4343065, 0.046391934, 1.8297236, -0.25119233, -1.1185894, 0.04091254, 0.9794757, 0.43460375, 1.2329905, -0.70602244, 0.8645894, -0.030816376, 1.0764873, 0.54961455, -1.5474187, 0.2404416, 1.7026858, -0.16642955, 0.57219565, 0.46542752, 1.0116808, -0.09005384, -2.569351, -0.57624465, -0.7181511, 0.8330092, 0.9968586, -0.418005, 0.34902388, -1.1673391, -0.19274023, -0.830052, -0.4678942, -0.20677853, -0.3896419, 1.3690014, -0.86677337, 1.0137521, -0.17997357, -0.65291333, 0.5311924, 0.017674983, 0.9404755, -0.873057, 1.7521394, -0.48423818, 0.7306218, 0.8380633, -0.21308985, -0.45021522, -0.1997574, -0.2899097, 0.49836257, -0.4421324, -1.721333, 0.5261696, -0.10330561, 0.022938877, -0.7888783, 0.54364645, 0.48275387, 2.2125237, 0.03099209, -0.331052, -0.4416191, -0.17838998, 0.34249818, -0.13501118, 0, 0, 0, 0, 0, 0, 1, 0, 0, 0, 0, 0, 0, 0, 0, 2, 0, 0, 0]"
C=O,Persson et al. (18),1.90E+18,18.28,"[-1.6243298, 0.5783266, 0.66634357, -0.80951804, 1.2336766, 0.04522714, -1.3704237, 0.65831757, 0.8637982, 0.8302376, 1.5561874, 0.47468022, 0.26374525, 1.0463517, 1.6722184, -0.2750622, -1.3783267, 0.57835776, 1.3227814, -1.0935292, -0.91954523, 0.30792823, 0.0789959, -0.11520736, -1.0836115, -0.13671115, 0.12970538, 0.92959964, 0.2561408, -1.1818817, 0.017839521, -1.2815992, 0.3902031, -0.07923129, 0.3769004, -0.47300857, -0.9720571, 0.81084776, -1.1456565, 0.07319528, 0.021271246, -1.1904125, 0.9303399, -0.27082145, 0.3071788, -0.5148699, 2.61521, -0.6670203, 0.12543286, 0.19106174, -1.0088304, -0.515579, -0.4870627, 1.174911, 0.7122726, 0.5744631, -1.5689534, -0.19809279, 0.10656625, -0.7693717, -0.8505471, -0.13937199, 0.890092, 1.3497483, 0.2180482, -0.76177025, 0.9376425, -0.6016351, -0.760741, -0.5866861, 0, 0, 0, 0, 0, 0, 0, 0, 0, 0, 0, 0, 0, 0, 0, 2, 0, 0, 0]"
[13CH2]=O,Persson et al. (18),3.60E+16,16.5563025,"[-1.6243298, 0.5783266, 0.66634357, -0.80951804, 1.2336766, 0.04522714, -1.3704237, 0.65831757, 0.8637982, 0.8302376, 1.5561874, 0.47468022, 0.26374525, 1.0463517, 1.6722184, -0.2750622, -1.3783267, 0.57835776, 1.3227814, -1.0935292, -0.91954523, 0.30792823, 0.0789959, -0.11520736, -1.0836115, -0.13671115, 0.12970538, 0.92959964, 0.2561408, -1.1818817, 0.017839521, -1.2815992, 0.3902031, -0.07923129, 0.3769004, -0.47300857, -0.9720571, 0.81084776, -1.1456565, 0.07319528, 0.021271246, -1.1904125, 0.9303399, -0.27082145, 0.3071788, -0.5148699, 2.61521, -0.6670203, 0.12543286, 0.19106174, -1.0088304, -0.515579, -0.4870627, 1.174911, 0.7122726, 0.5744631, -1.5689534, -0.19809279, 0.10656625, -0.7693717, -0.8505471, -0.13937199, 0.890092, 1.3497483, 0.2180482, -0.76177025, 0.9376425, -0.6016351, -0.760741, -0.5866861, 0, 0, 0, 0, 1, 0, 0, 0, 0, 0, 1, 0, 1, 0, 0, 2, 0, 0, 0]"
C=[17O],Persson et al. (18),7.20E+14,14.8573325,"[-1.6243298, 0.5783266, 0.66634357, -0.80951804, 1.2336766, 0.04522714, -1.3704237, 0.65831757, 0.8637982, 0.8302376, 1.5561874, 0.47468022, 0.26374525, 1.0463517, 1.6722184, -0.2750622, -1.3783267, 0.57835776, 1.3227814, -1.0935292, -0.91954523, 0.30792823, 0.0789959, -0.11520736, -1.0836115, -0.13671115, 0.12970538, 0.92959964, 0.2561408, -1.1818817, 0.017839521, -1.2815992, 0.3902031, -0.07923129, 0.3769004, -0.47300857, -0.9720571, 0.81084776, -1.1456565, 0.07319528, 0.021271246, -1.1904125, 0.9303399, -0.27082145, 0.3071788, -0.5148699, 2.61521, -0.6670203, 0.12543286, 0.19106174, -1.0088304, -0.515579, -0.4870627, 1.174911, 0.7122726, 0.5744631, -1.5689534, -0.19809279, 0.10656625, -0.7693717, -0.8505471, -0.13937199, 0.890092, 1.3497483, 0.2180482, -0.76177025, 0.9376425, -0.6016351, -0.760741, -0.5866861, 0, 0, 0, 0, 0, 1, 0, 0, 0, 0, 0, 0, 0, 0, 0, 2, 0, 0, 0]"
C=[18O],Persson et al. (18),2.30E+15,15.36172784,"[-1.6243298, 0.5783266, 0.66634357, -0.80951804, 1.2336766, 0.04522714, -1.3704237, 0.65831757, 0.8637982, 0.8302376, 1.5561874, 0.47468022, 0.26374525, 1.0463517, 1.6722184, -0.2750622, -1.3783267, 0.57835776, 1.3227814, -1.0935292, -0.91954523, 0.30792823, 0.0789959, -0.11520736, -1.0836115, -0.13671115, 0.12970538, 0.92959964, 0.2561408, -1.1818817, 0.017839521, -1.2815992, 0.3902031, -0.07923129, 0.3769004, -0.47300857, -0.9720571, 0.81084776, -1.1456565, 0.07319528, 0.021271246, -1.1904125, 0.9303399, -0.27082145, 0.3071788, -0.5148699, 2.61521, -0.6670203, 0.12543286, 0.19106174, -1.0088304, -0.515579, -0.4870627, 1.174911, 0.7122726, 0.5744631, -1.5689534, -0.19809279, 0.10656625, -0.7693717, -0.8505471, -0.13937199, 0.890092, 1.3497483, 0.2180482, -0.76177025, 0.9376425, -0.6016351, -0.760741, -0.5866861, 0, 0, 0, 0, 0, 0, 1, 0, 0, 0, 0, 0, 0, 0, 0, 2, 0, 0, 0]"
[2H]C=O,Persson et al. (18),1.30E+17,17.11394335,"[-1.6243298, 0.5783266, 0.66634357, -0.80951804, 1.2336766, 0.04522714, -1.3704237, 0.65831757, 0.8637982, 0.8302376, 1.5561874, 0.47468022, 0.26374525, 1.0463517, 1.6722184, -0.2750622, -1.3783267, 0.57835776, 1.3227814, -1.0935292, -0.91954523, 0.30792823, 0.0789959, -0.11520736, -1.0836115, -0.13671115, 0.12970538, 0.92959964, 0.2561408, -1.1818817, 0.017839521, -1.2815992, 0.3902031, -0.07923129, 0.3769004, -0.47300857, -0.9720571, 0.81084776, -1.1456565, 0.07319528, 0.021271246, -1.1904125, 0.9303399, -0.27082145, 0.3071788, -0.5148699, 2.61521, -0.6670203, 0.12543286, 0.19106174, -1.0088304, -0.515579, -0.4870627, 1.174911, 0.7122726, 0.5744631, -1.5689534, -0.19809279, 0.10656625, -0.7693717, -0.8505471, -0.13937199, 0.890092, 1.3497483, 0.2180482, -0.76177025, 0.9376425, -0.6016351, -0.760741, -0.5866861, 1, 0, 0, 0, 0, 0, 0, 0, 0, 0, 0, 0, 0, 1, 0, 2, 1, 0, 1]"
[2H]C([2H])=O,Persson et al. (18),1.60E+16,16.20411998,"[-1.6243298, 0.5783266, 0.66634357, -0.80951804, 1.2336766, 0.04522714, -1.3704237, 0.65831757, 0.8637982, 0.8302376, 1.5561874, 0.47468022, 0.26374525, 1.0463517, 1.6722184, -0.2750622, -1.3783267, 0.57835776, 1.3227814, -1.0935292, -0.91954523, 0.30792823, 0.0789959, -0.11520736, -1.0836115, -0.13671115, 0.12970538, 0.92959964, 0.2561408, -1.1818817, 0.017839521, -1.2815992, 0.3902031, -0.07923129, 0.3769004, -0.47300857, -0.9720571, 0.81084776, -1.1456565, 0.07319528, 0.021271246, -1.1904125, 0.9303399, -0.27082145, 0.3071788, -0.5148699, 2.61521, -0.6670203, 0.12543286, 0.19106174, -1.0088304, -0.515579, -0.4870627, 1.174911, 0.7122726, 0.5744631, -1.5689534, -0.19809279, 0.10656625, -0.7693717, -0.8505471, -0.13937199, 0.890092, 1.3497483, 0.2180482, -0.76177025, 0.9376425, -0.6016351, -0.760741, -0.5866861, 2, 0, 0, 0, 0, 0, 0, 0, 0, 0, 0, 0, 0, 2, 0, 2, 1, 0, 2]"
[2H][13C]([2H])=O,Persson et al. (18),2.20E+14,14.34242268,"[-1.6243298, 0.5783266, 0.66634357, -0.80951804, 1.2336766, 0.04522714, -1.3704237, 0.65831757, 0.8637982, 0.8302376, 1.5561874, 0.47468022, 0.26374525, 1.0463517, 1.6722184, -0.2750622, -1.3783267, 0.57835776, 1.3227814, -1.0935292, -0.91954523, 0.30792823, 0.0789959, -0.11520736, -1.0836115, -0.13671115, 0.12970538, 0.92959964, 0.2561408, -1.1818817, 0.017839521, -1.2815992, 0.3902031, -0.07923129, 0.3769004, -0.47300857, -0.9720571, 0.81084776, -1.1456565, 0.07319528, 0.021271246, -1.1904125, 0.9303399, -0.27082145, 0.3071788, -0.5148699, 2.61521, -0.6670203, 0.12543286, 0.19106174, -1.0088304, -0.515579, -0.4870627, 1.174911, 0.7122726, 0.5744631, -1.5689534, -0.19809279, 0.10656625, -0.7693717, -0.8505471, -0.13937199, 0.890092, 1.3497483, 0.2180482, -0.76177025, 0.9376425, -0.6016351, -0.760741, -0.5866861, 2, 0, 0, 0, 1, 0, 0, 0, 0, 0, 1, 0, 1, 2, 0, 2, 1, 0, 2]"
CCO,Jorgensen et al. (18),2.30E+17,17.36,"[-1.3597348, 1.4009056, -1.3490344, -0.30872804, 3.96212, 0.34184968, -3.134173, 0.111702286, 1.4343486, 2.696896, 2.1388326, -1.5498546, 1.4222018, 0.80646324, 1.971213, 1.0862609, -3.7154076, -0.26439643, 2.9038057, -0.9563616, 1.371105, -0.10958931, 2.3162754, 0.8257591, -4.746022, -1.837398, -1.7946994, 1.4751153, 3.0271978, -0.058464527, 1.3814309, -2.6542668, -0.6309733, -0.97990996, 0.17388344, 0.21822907, -2.2246006, 1.9873189, -1.5439304, 1.2409858, -0.27407157, -0.27916333, 0.16510917, -0.367702, 1.9291272, -2.0858808, 3.5739198, -1.1233846, 0.74157804, 1.049739, -1.5345025, -0.4627235, 0.40122676, 0.09314364, 1.4940476, -1.189565, -1.8592218, -0.040105104, -0.41718102, 0.11527308, -1.1297174, 1.5648867, 1.4639426, 5.3168864, 0.8857627, -1.4699423, 0.109804764, 0.20042711, 0.54391164, 1.6698812, 0, 0, 0, 0, 0, 0, 0, 0, 0, 0, 0, 0, 0, 0, 0, 3, 0, 0, 0]"
[2H]C(C)O,Jorgensen et al. (18),2.30E+16,16.36172784,"[-1.3597348, 1.4009056, -1.3490344, -0.30872804, 3.96212, 0.34184968, -3.134173, 0.111702286, 1.4343486, 2.696896, 2.1388326, -1.5498546, 1.4222018, 0.80646324, 1.971213, 1.0862609, -3.7154076, -0.26439643, 2.9038057, -0.9563616, 1.371105, -0.10958931, 2.3162754, 0.8257591, -4.746022, -1.837398, -1.7946994, 1.4751153, 3.0271978, -0.058464527, 1.3814309, -2.6542668, -0.6309733, -0.97990996, 0.17388344, 0.21822907, -2.2246006, 1.9873189, -1.5439304, 1.2409858, -0.27407157, -0.27916333, 0.16510917, -0.367702, 1.9291272, -2.0858808, 3.5739198, -1.1233846, 0.74157804, 1.049739, -1.5345025, -0.4627235, 0.40122676, 0.09314364, 1.4940476, -1.189565, -1.8592218, -0.040105104, -0.41718102, 0.11527308, -1.1297174, 1.5648867, 1.4639426, 5.3168864, 0.8857627, -1.4699423, 0.109804764, 0.20042711, 0.54391164, 1.6698812, 1, 0, 0, 0, 0, 0, 0, 0, 0, 0, 0, 0, 0, 1, 0, 3, 1, 1, 0]"
COC,Jorgensen et al. (18),2.40E+17,17.38,"[-0.11140624, -0.6955965, 0.30167863, 1.5268666, 7.0503325, -1.5115238, -0.10851757, -1.3743263, 1.5222296, 0.20190491, 2.227227, -0.52956694, 1.4989834, 0.5424, 2.1139305, 0.8516607, -4.689125, 0.79056525, 2.9706163, -0.6330864, -1.4882905, 1.3104032, 2.4307077, -0.8969041, -3.9177501, -1.3251125, -1.7376583, 1.1976318, 2.425518, -1.9622381, 0.37989005, -4.0318484, 0.20477134, -3.1057286, -0.51489013, -1.1449044, -2.3738885, 1.9271114, -1.896233, 1.2919365, 1.4578826, -2.5368202, 0.22525181, 0.5772, 2.00478, -1.1828753, 2.9090602, -0.7884773, 1.296206, 0.50871813, -0.61626637, -0.8063316, -0.7609782, 0.18608674, 0.82794863, 0.6707607, -1.8558397, -0.6969065, -1.0709474, -1.6756257, -1.9704032, 0.16244107, 0.28239352, 4.4941306, -1.6794902, -0.3247026, -0.44178805, 2.4325724, 0.65841216, 1.7100431, 0, 0, 0, 0, 0, 0, 0, 0, 0, 0, 0, 0, 0, 0, 0, 3, 0, 0, 0]"
CO[13CH3],Jorgensen et al. (18),1.40E+16,16.14612804,"[-0.11140624, -0.6955965, 0.30167863, 1.5268666, 7.0503325, -1.5115238, -0.10851757, -1.3743263, 1.5222296, 0.20190491, 2.227227, -0.52956694, 1.4989834, 0.5424, 2.1139305, 0.8516607, -4.689125, 0.79056525, 2.9706163, -0.6330864, -1.4882905, 1.3104032, 2.4307077, -0.8969041, -3.9177501, -1.3251125, -1.7376583, 1.1976318, 2.425518, -1.9622381, 0.37989005, -4.0318484, 0.20477134, -3.1057286, -0.51489013, -1.1449044, -2.3738885, 1.9271114, -1.896233, 1.2919365, 1.4578826, -2.5368202, 0.22525181, 0.5772, 2.00478, -1.1828753, 2.9090602, -0.7884773, 1.296206, 0.50871813, -0.61626637, -0.8063316, -0.7609782, 0.18608674, 0.82794863, 0.6707607, -1.8558397, -0.6969065, -1.0709474, -1.6756257, -1.9704032, 0.16244107, 0.28239352, 4.4941306, -1.6794902, -0.3247026, -0.44178805, 2.4325724, 0.65841216, 1.7100431, 0, 0, 0, 0, 1, 0, 0, 0, 0, 0, 0, 1, 1, 0, 0, 3, 0, 0, 0]"
COC=O,Jorgensen et al. (18),2.60E+17,17.41,"[-2.483458, -0.17716494, 0.01729405, -0.13202032, 8.313417, 0.52347, -3.1029403, -0.5306893, 2.1979368, 0.8403894, 2.1539683, 0.29182228, 0.8771353, 0.9987432, 4.462011, 0.58552897, -5.773816, 2.5174649, 2.9483716, -0.9590158, -1.8826643, 1.0571195, 3.8170607, -1.0054448, -5.905962, -1.7437379, -2.6278346, 2.3310435, 1.6305933, -1.9857663, 0.36012712, -4.2454906, -0.6701268, -1.7828847, -1.5834112, -0.41669086, -3.1749744, 3.1059449, -1.2087092, 0.3998202, 2.655658, -5.649436, -0.6904061, -1.6355641, 2.1675634, -2.29652, 3.975111, 0.19630851, 0.60195106, 1.0548016, -0.6388284, -1.2867954, 1.76298, 1.0028211, 2.707837, 1.4021297, -2.9079783, -2.034791, -0.34639674, -2.3022342, -0.690871, 0.0003771186, 0.5002512, 4.2267175, -2.7615328, 0.032425255, -0.3764795, 1.686742, -0.99778295, 1.4452963, 0, 0, 0, 0, 0, 0, 0, 0, 0, 0, 0, 0, 0, 0, 0, 4, 0, 0, 0]"
[2H]C(=O)OC,Jorgensen et al. (18),1.50E+16,16.17609126,"[-2.483458, -0.17716494, 0.01729405, -0.13202032, 8.313417, 0.52347, -3.1029403, -0.5306893, 2.1979368, 0.8403894, 2.1539683, 0.29182228, 0.8771353, 0.9987432, 4.462011, 0.58552897, -5.773816, 2.5174649, 2.9483716, -0.9590158, -1.8826643, 1.0571195, 3.8170607, -1.0054448, -5.905962, -1.7437379, -2.6278346, 2.3310435, 1.6305933, -1.9857663, 0.36012712, -4.2454906, -0.6701268, -1.7828847, -1.5834112, -0.41669086, -3.1749744, 3.1059449, -1.2087092, 0.3998202, 2.655658, -5.649436, -0.6904061, -1.6355641, 2.1675634, -2.29652, 3.975111, 0.19630851, 0.60195106, 1.0548016, -0.6388284, -1.2867954, 1.76298, 1.0028211, 2.707837, 1.4021297, -2.9079783, -2.034791, -0.34639674, -2.3022342, -0.690871, 0.0003771186, 0.5002512, 4.2267175, -2.7615328, 0.032425255, -0.3764795, 1.686742, -0.99778295, 1.4452963, 1, 0, 0, 0, 0, 0, 0, 0, 0, 0, 0, 0, 0, 1, 0, 4, 2, 0, 1]"
[2H]COC=O,Jorgensen et al. (18),4.80E+16,16.68124124,"[-2.483458, -0.17716494, 0.01729405, -0.13202032, 8.313417, 0.52347, -3.1029403, -0.5306893, 2.1979368, 0.8403894, 2.1539683, 0.29182228, 0.8771353, 0.9987432, 4.462011, 0.58552897, -5.773816, 2.5174649, 2.9483716, -0.9590158, -1.8826643, 1.0571195, 3.8170607, -1.0054448, -5.905962, -1.7437379, -2.6278346, 2.3310435, 1.6305933, -1.9857663, 0.36012712, -4.2454906, -0.6701268, -1.7828847, -1.5834112, -0.41669086, -3.1749744, 3.1059449, -1.2087092, 0.3998202, 2.655658, -5.649436, -0.6904061, -1.6355641, 2.1675634, -2.29652, 3.975111, 0.19630851, 0.60195106, 1.0548016, -0.6388284, -1.2867954, 1.76298, 1.0028211, 2.707837, 1.4021297, -2.9079783, -2.034791, -0.34639674, -2.3022342, -0.690871, 0.0003771186, 0.5002512, 4.2267175, -2.7615328, 0.032425255, -0.3764795, 1.686742, -0.99778295, 1.4452963, 1, 0, 0, 0, 0, 0, 0, 0, 0, 0, 0, 0, 0, 1, 0, 4, 1, 0, 0]"
[2H]C([2H])OC=O,Manigand et al. (18),1.10E+16,16.04139269,"[-2.483458, -0.17716494, 0.01729405, -0.13202032, 8.313417, 0.52347, -3.1029403, -0.5306893, 2.1979368, 0.8403894, 2.1539683, 0.29182228, 0.8771353, 0.9987432, 4.462011, 0.58552897, -5.773816, 2.5174649, 2.9483716, -0.9590158, -1.8826643, 1.0571195, 3.8170607, -1.0054448, -5.905962, -1.7437379, -2.6278346, 2.3310435, 1.6305933, -1.9857663, 0.36012712, -4.2454906, -0.6701268, -1.7828847, -1.5834112, -0.41669086, -3.1749744, 3.1059449, -1.2087092, 0.3998202, 2.655658, -5.649436, -0.6904061, -1.6355641, 2.1675634, -2.29652, 3.975111, 0.19630851, 0.60195106, 1.0548016, -0.6388284, -1.2867954, 1.76298, 1.0028211, 2.707837, 1.4021297, -2.9079783, -2.034791, -0.34639674, -2.3022342, -0.690871, 0.0003771186, 0.5002512, 4.2267175, -2.7615328, 0.032425255, -0.3764795, 1.686742, -0.99778295, 1.4452963, 2, 0, 0, 0, 0, 0, 0, 0, 0, 0, 0, 0, 0, 2, 0, 4, 1, 0, 0]"
O=CCO,Jorgensen et al. (16),3.20E+16,16.51,"[-4.489857, 2.203757, -1.8369999, -1.8275534, 4.4223094, 1.3533556, -4.3621883, 0.5689516, 3.04918, 2.9189267, 1.7431436, -1.5467834, 0.4076891, 3.0140376, 4.1807175, 0.33712235, -5.491764, 1.149836, 2.6887941, -0.8520599, 0.92828715, 0.053092774, 3.844234, 0.0370619, -6.185125, -2.1742628, -2.8902483, 2.4980962, 2.0009217, -0.8808247, 1.3704407, -2.879158, -1.0025425, 0.499865, -0.42447627, -0.46203098, -3.153519, 3.7314167, -0.536415, 1.6878153, 1.6283455, -3.3384135, -0.58156914, -2.1158967, 3.4773002, -4.024708, 6.43991, -0.25117695, 0.57706124, 1.3316594, -1.409404, -1.7269262, 2.349742, 1.3062212, 2.6108797, 0.8147761, -4.0266285, -1.944061, 0.07890825, -0.8240023, 0.442281, 0.9342536, 1.9106807, 5.753387, -1.4502833, -1.0960988, 0.40889204, 0.6134343, -0.68359005, 0.88280475, 0, 0, 0, 0, 0, 0, 0, 0, 0, 0, 0, 0, 0, 0, 0, 4, 0, 0, 0]"
[2H]C(O)C=O,Jorgensen et al. (16),3.32E+15,15.52113808,"[-4.489857, 2.203757, -1.8369999, -1.8275534, 4.4223094, 1.3533556, -4.3621883, 0.5689516, 3.04918, 2.9189267, 1.7431436, -1.5467834, 0.4076891, 3.0140376, 4.1807175, 0.33712235, -5.491764, 1.149836, 2.6887941, -0.8520599, 0.92828715, 0.053092774, 3.844234, 0.0370619, -6.185125, -2.1742628, -2.8902483, 2.4980962, 2.0009217, -0.8808247, 1.3704407, -2.879158, -1.0025425, 0.499865, -0.42447627, -0.46203098, -3.153519, 3.7314167, -0.536415, 1.6878153, 1.6283455, -3.3384135, -0.58156914, -2.1158967, 3.4773002, -4.024708, 6.43991, -0.25117695, 0.57706124, 1.3316594, -1.409404, -1.7269262, 2.349742, 1.3062212, 2.6108797, 0.8147761, -4.0266285, -1.944061, 0.07890825, -0.8240023, 0.442281, 0.9342536, 1.9106807, 5.753387, -1.4502833, -1.0960988, 0.40889204, 0.6134343, -0.68359005, 0.88280475, 1, 0, 0, 0, 0, 0, 0, 0, 0, 0, 0, 0, 0, 1, 0, 4, 1, 1, 0]"
[2H]OCC=O,Jorgensen et al. (16),1.50E+15,15.17609126,"[-4.489857, 2.203757, -1.8369999, -1.8275534, 4.4223094, 1.3533556, -4.3621883, 0.5689516, 3.04918, 2.9189267, 1.7431436, -1.5467834, 0.4076891, 3.0140376, 4.1807175, 0.33712235, -5.491764, 1.149836, 2.6887941, -0.8520599, 0.92828715, 0.053092774, 3.844234, 0.0370619, -6.185125, -2.1742628, -2.8902483, 2.4980962, 2.0009217, -0.8808247, 1.3704407, -2.879158, -1.0025425, 0.499865, -0.42447627, -0.46203098, -3.153519, 3.7314167, -0.536415, 1.6878153, 1.6283455, -3.3384135, -0.58156914, -2.1158967, 3.4773002, -4.024708, 6.43991, -0.25117695, 0.57706124, 1.3316594, -1.409404, -1.7269262, 2.349742, 1.3062212, 2.6108797, 0.8147761, -4.0266285, -1.944061, 0.07890825, -0.8240023, 0.442281, 0.9342536, 1.9106807, 5.753387, -1.4502833, -1.0960988, 0.40889204, 0.6134343, -0.68359005, 0.88280475, 1, 0, 0, 0, 0, 0, 0, 0, 0, 0, 0, 0, 0, 0, 1, 4, 0, 1, 0]"
[2H]C(=O)CO,Jorgensen et al. (16),1.64E+15,15.21484385,"[-4.489857, 2.203757, -1.8369999, -1.8275534, 4.4223094, 1.3533556, -4.3621883, 0.5689516, 3.04918, 2.9189267, 1.7431436, -1.5467834, 0.4076891, 3.0140376, 4.1807175, 0.33712235, -5.491764, 1.149836, 2.6887941, -0.8520599, 0.92828715, 0.053092774, 3.844234, 0.0370619, -6.185125, -2.1742628, -2.8902483, 2.4980962, 2.0009217, -0.8808247, 1.3704407, -2.879158, -1.0025425, 0.499865, -0.42447627, -0.46203098, -3.153519, 3.7314167, -0.536415, 1.6878153, 1.6283455, -3.3384135, -0.58156914, -2.1158967, 3.4773002, -4.024708, 6.43991, -0.25117695, 0.57706124, 1.3316594, -1.409404, -1.7269262, 2.349742, 1.3062212, 2.6108797, 0.8147761, -4.0266285, -1.944061, 0.07890825, -0.8240023, 0.442281, 0.9342536, 1.9106807, 5.753387, -1.4502833, -1.0960988, 0.40889204, 0.6134343, -0.68359005, 0.88280475, 1, 0, 0, 0, 0, 0, 0, 0, 0, 0, 0, 0, 0, 1, 0, 4, 1, 1, 1]"
O=C[13CH2]O,Jorgensen et al. (16),1.17E+15,15.06833876,"[-4.489857, 2.203757, -1.8369999, -1.8275534, 4.4223094, 1.3533556, -4.3621883, 0.5689516, 3.04918, 2.9189267, 1.7431436, -1.5467834, 0.4076891, 3.0140376, 4.1807175, 0.33712235, -5.491764, 1.149836, 2.6887941, -0.8520599, 0.92828715, 0.053092774, 3.844234, 0.0370619, -6.185125, -2.1742628, -2.8902483, 2.4980962, 2.0009217, -0.8808247, 1.3704407, -2.879158, -1.0025425, 0.499865, -0.42447627, -0.46203098, -3.153519, 3.7314167, -0.536415, 1.6878153, 1.6283455, -3.3384135, -0.58156914, -2.1158967, 3.4773002, -4.024708, 6.43991, -0.25117695, 0.57706124, 1.3316594, -1.409404, -1.7269262, 2.349742, 1.3062212, 2.6108797, 0.8147761, -4.0266285, -1.944061, 0.07890825, -0.8240023, 0.442281, 0.9342536, 1.9106807, 5.753387, -1.4502833, -1.0960988, 0.40889204, 0.6134343, -0.68359005, 0.88280475, 0, 0, 0, 0, 1, 0, 0, 0, 0, 0, 0, 1, 1, 0, 0, 4, 0, 0, 0]"
O=[13CH]CO,Jorgensen et al. (16),1.17E+15,15.06813549,"[-4.489857, 2.203757, -1.8369999, -1.8275534, 4.4223094, 1.3533556, -4.3621883, 0.5689516, 3.04918, 2.9189267, 1.7431436, -1.5467834, 0.4076891, 3.0140376, 4.1807175, 0.33712235, -5.491764, 1.149836, 2.6887941, -0.8520599, 0.92828715, 0.053092774, 3.844234, 0.0370619, -6.185125, -2.1742628, -2.8902483, 2.4980962, 2.0009217, -0.8808247, 1.3704407, -2.879158, -1.0025425, 0.499865, -0.42447627, -0.46203098, -3.153519, 3.7314167, -0.536415, 1.6878153, 1.6283455, -3.3384135, -0.58156914, -2.1158967, 3.4773002, -4.024708, 6.43991, -0.25117695, 0.57706124, 1.3316594, -1.409404, -1.7269262, 2.349742, 1.3062212, 2.6108797, 0.8147761, -4.0266285, -1.944061, 0.07890825, -0.8240023, 0.442281, 0.9342536, 1.9106807, 5.753387, -1.4502833, -1.0960988, 0.40889204, 0.6134343, -0.68359005, 0.88280475, 0, 0, 0, 0, 1, 0, 0, 0, 0, 0, 1, 0, 1, 0, 0, 4, 0, 0, 0]"
CC(=O)O,Jorgensen et al. (16),2.80E+15,15.45,"[-3.58613, -0.5777247, -0.22631034, -0.4258935, 3.5428927, -0.8786963, -3.9081573, 0.27595174, 2.0250015, 1.1874163, 4.09067, -1.326998, 3.2118807, 0.9680763, 4.6680555, -0.10633507, -4.625154, 1.8899456, 3.9679203, -1.0346708, -0.05444172, -0.033306137, 1.9765126, -0.31289417, -3.5533266, -2.6742015, -1.8917439, 1.5976307, 3.3350692, 0.7406515, -0.350932, -5.141811, 0.84766275, -3.3059492, 1.0034226, 0.42784554, -2.589282, 2.5480504, 0.9503714, 2.5721183, -1.0410068, -1.3585854, -0.20339237, 0.55042964, 2.3428192, -1.9448228, 6.1208773, -0.38931704, 1.2317398, 2.268218, -0.92457753, 0.04667011, 1.3022125, -0.43789774, 1.980166, 0.0563187, -3.5686488, -1.3598565, -1.257955, -0.68179655, -2.6412337, 0.5459311, 3.194353, 4.108392, 0.23227975, -1.3298336, 0.7138201, 0.6170408, -1.0765712, -0.7795048, 0, 0, 0, 0, 0, 0, 0, 0, 0, 0, 0, 0, 0, 0, 0, 4, 0, 0, 0]"
CC=O,Jorgensen et al. (18),1.20E+17,17.08,"[-2.5140278, 0.13065019, -0.6287278, -0.9602413, 3.9290254, 0.68100667, -2.870499, 1.0741194, 1.6525911, 1.0858893, 2.0300446, 0.72671247, 0.99732137, 0.38066435, 3.471517, 0.47339153, -3.8067546, 1.9993712, 2.0548866, -0.7979047, -0.4890032, 0.0928773, 1.8394923, -0.40267533, -5.0078073, -1.9043669, -1.4477501, 2.3028007, 1.0623995, -0.6378033, 0.16053018, -2.9335241, 0.3925027, -0.14177762, -1.7860414, -0.078452505, -1.3210931, 2.813409, -0.7058298, 0.026677847, -0.0901874, -3.6525764, 0.455594, -2.5648513, 0.89151585, -2.0164747, 2.9827523, 0.95021236, 0.31185123, 1.1212571, -0.89738023, -1.0569057, 1.9103742, 1.7483348, 2.0106258, 1.9640992, -3.1425197, -0.75226635, -0.03683731, -0.86892414, -0.39264604, 1.1490736, 0.935754, 3.4006004, -0.77136976, -0.34084162, 0.096734196, 0.087673515, -0.8118764, -0.6363504, 0, 0, 0, 0, 0, 0, 0, 0, 0, 0, 0, 0, 0, 0, 0, 3, 0, 0, 0]"
[2H]C(C)=O,Jorgensen et al. (18),9.60E+15,15.98227123,"[-2.5140278, 0.13065019, -0.6287278, -0.9602413, 3.9290254, 0.68100667, -2.870499, 1.0741194, 1.6525911, 1.0858893, 2.0300446, 0.72671247, 0.99732137, 0.38066435, 3.471517, 0.47339153, -3.8067546, 1.9993712, 2.0548866, -0.7979047, -0.4890032, 0.0928773, 1.8394923, -0.40267533, -5.0078073, -1.9043669, -1.4477501, 2.3028007, 1.0623995, -0.6378033, 0.16053018, -2.9335241, 0.3925027, -0.14177762, -1.7860414, -0.078452505, -1.3210931, 2.813409, -0.7058298, 0.026677847, -0.0901874, -3.6525764, 0.455594, -2.5648513, 0.89151585, -2.0164747, 2.9827523, 0.95021236, 0.31185123, 1.1212571, -0.89738023, -1.0569057, 1.9103742, 1.7483348, 2.0106258, 1.9640992, -3.1425197, -0.75226635, -0.03683731, -0.86892414, -0.39264604, 1.1490736, 0.935754, 3.4006004, -0.77136976, -0.34084162, 0.096734196, 0.087673515, -0.8118764, -0.6363504, 1, 0, 0, 0, 0, 0, 0, 0, 0, 0, 0, 0, 0, 1, 0, 3, 1, 1, 1]"
[13CH3]C=O,Jorgensen et al. (18),1.80E+15,15.25527251,"[-2.5140278, 0.13065019, -0.6287278, -0.9602413, 3.9290254, 0.68100667, -2.870499, 1.0741194, 1.6525911, 1.0858893, 2.0300446, 0.72671247, 0.99732137, 0.38066435, 3.471517, 0.47339153, -3.8067546, 1.9993712, 2.0548866, -0.7979047, -0.4890032, 0.0928773, 1.8394923, -0.40267533, -5.0078073, -1.9043669, -1.4477501, 2.3028007, 1.0623995, -0.6378033, 0.16053018, -2.9335241, 0.3925027, -0.14177762, -1.7860414, -0.078452505, -1.3210931, 2.813409, -0.7058298, 0.026677847, -0.0901874, -3.6525764, 0.455594, -2.5648513, 0.89151585, -2.0164747, 2.9827523, 0.95021236, 0.31185123, 1.1212571, -0.89738023, -1.0569057, 1.9103742, 1.7483348, 2.0106258, 1.9640992, -3.1425197, -0.75226635, -0.03683731, -0.86892414, -0.39264604, 1.1490736, 0.935754, 3.4006004, -0.77136976, -0.34084162, 0.096734196, 0.087673515, -0.8118764, -0.6363504, 0, 0, 0, 0, 1, 0, 0, 0, 0, 0, 0, 1, 0, 0, 0, 3, 0, 0, 0]"
C[13CH]=O,Jorgensen et al. (18),1.80E+15,15.25527251,"[-2.5140278, 0.13065019, -0.6287278, -0.9602413, 3.9290254, 0.68100667, -2.870499, 1.0741194, 1.6525911, 1.0858893, 2.0300446, 0.72671247, 0.99732137, 0.38066435, 3.471517, 0.47339153, -3.8067546, 1.9993712, 2.0548866, -0.7979047, -0.4890032, 0.0928773, 1.8394923, -0.40267533, -5.0078073, -1.9043669, -1.4477501, 2.3028007, 1.0623995, -0.6378033, 0.16053018, -2.9335241, 0.3925027, -0.14177762, -1.7860414, -0.078452505, -1.3210931, 2.813409, -0.7058298, 0.026677847, -0.0901874, -3.6525764, 0.455594, -2.5648513, 0.89151585, -2.0164747, 2.9827523, 0.95021236, 0.31185123, 1.1212571, -0.89738023, -1.0569057, 1.9103742, 1.7483348, 2.0106258, 1.9640992, -3.1425197, -0.75226635, -0.03683731, -0.86892414, -0.39264604, 1.1490736, 0.935754, 3.4006004, -0.77136976, -0.34084162, 0.096734196, 0.087673515, -0.8118764, -0.6363504, 0, 0, 0, 0, 1, 0, 0, 0, 0, 0, 1, 0, 1, 0, 0, 3, 0, 0, 0]"
C1CO1,Lykke et al. (17),5.40E+15,15.73,"[-4.4067354, 1.8190478, 1.1512375, 1.7940052, 4.161343, 0.12997182, -1.3305016, 2.3057063, 2.7454581, 2.4074817, 2.8423057, -2.0571432, 1.5809197, 0.77473885, 3.9123702, 0.79414856, -4.312129, 0.8915397, 1.9118624, 1.1172568, -0.32188836, 0.95005435, 4.487006, -0.7788071, -3.7653162, -3.6380754, -0.40792543, 0.61972976, -0.17707926, -1.7402709, 2.4687417, -5.2123985, -1.1426808, -1.7974643, 1.3464355, 1.7165166, -1.7734928, 2.7176938, -0.67032975, -2.3828943, -1.611661, 0.26736033, 1.1797659, 1.462216, 1.2198503, -2.1949098, 2.7456534, -1.0019354, -0.971767, 3.5899518, -2.982953, -0.29214776, -0.414536, -1.1657447, 4.6378875, 1.4861333, -2.2762122, 0.2882542, -0.6166232, 2.5076354, 0.8607393, 0.60193944, 0.11709283, 2.8953705, -0.5443167, 0.6747104, 0.25909802, 0.091517046, 1.3514456, 2.395464, 0, 0, 0, 0, 0, 0, 0, 0, 0, 0, 0, 0, 0, 0, 0, 3, 0, 0, 0]"
[2H]C1CO1,Muller et al. (22),7.80E+14,14.8920946,"[-4.4067354, 1.8190478, 1.1512375, 1.7940052, 4.161343, 0.12997182, -1.3305016, 2.3057063, 2.7454581, 2.4074817, 2.8423057, -2.0571432, 1.5809197, 0.77473885, 3.9123702, 0.79414856, -4.312129, 0.8915397, 1.9118624, 1.1172568, -0.32188836, 0.95005435, 4.487006, -0.7788071, -3.7653162, -3.6380754, -0.40792543, 0.61972976, -0.17707926, -1.7402709, 2.4687417, -5.2123985, -1.1426808, -1.7974643, 1.3464355, 1.7165166, -1.7734928, 2.7176938, -0.67032975, -2.3828943, -1.611661, 0.26736033, 1.1797659, 1.462216, 1.2198503, -2.1949098, 2.7456534, -1.0019354, -0.971767, 3.5899518, -2.982953, -0.29214776, -0.414536, -1.1657447, 4.6378875, 1.4861333, -2.2762122, 0.2882542, -0.6166232, 2.5076354, 0.8607393, 0.60193944, 0.11709283, 2.8953705, -0.5443167, 0.6747104, 0.25909802, 0.091517046, 1.3514456, 2.395464, 1, 0, 0, 0, 0, 0, 0, 0, 0, 0, 0, 0, 0, 1, 0, 3, 1, 1, 0]"
O=CO,Jorgensen et al. (18),5.60E+16,16.75,"[-4.2843523, 0.40725216, -1.0089545, -1.6089526, 3.2338028, 0.43782735, -3.8267374, 0.78093004, 2.0031202, 1.9232932, 1.1051503, -0.32246077, 0.16876641, 0.75989157, 3.8388114, 0.2760758, -2.8349466, 1.0534799, 2.5516224, -0.36971122, 0.85365367, 0.22205403, 3.1565895, -0.9365587, -5.0141444, -1.2909131, -1.9089787, 2.737829, 0.5299401, -0.87360454, -0.8703842, -3.0046997, -1.0071584, 0.25618187, -1.5156262, -0.26061124, -1.4375249, 2.866227, -0.13878502, 0.65111816, 0.602515, -4.329333, -0.38985777, -1.755611, 1.9177375, -2.128069, 3.6536617, -0.42652816, 0.61156654, 1.8080094, -0.403194, -1.1395011, 1.8495706, 0.7491504, 2.4278529, -0.1439759, -3.7773452, -1.3451544, 0.82997453, -0.6612383, -0.4873631, 1.0520095, 0.8499466, 2.5908961, -1.1197119, -0.3099097, -1.2647022, -1.234008, -1.0153925, -0.64138174, 0, 0, 0, 0, 0, 0, 0, 0, 0, 0, 0, 0, 0, 0, 0, 3, 0, 0, 0]"
O=[13CH]O,Jorgensen et al. (18),8.30E+14,14.91907809,"[-4.2843523, 0.40725216, -1.0089545, -1.6089526, 3.2338028, 0.43782735, -3.8267374, 0.78093004, 2.0031202, 1.9232932, 1.1051503, -0.32246077, 0.16876641, 0.75989157, 3.8388114, 0.2760758, -2.8349466, 1.0534799, 2.5516224, -0.36971122, 0.85365367, 0.22205403, 3.1565895, -0.9365587, -5.0141444, -1.2909131, -1.9089787, 2.737829, 0.5299401, -0.87360454, -0.8703842, -3.0046997, -1.0071584, 0.25618187, -1.5156262, -0.26061124, -1.4375249, 2.866227, -0.13878502, 0.65111816, 0.602515, -4.329333, -0.38985777, -1.755611, 1.9177375, -2.128069, 3.6536617, -0.42652816, 0.61156654, 1.8080094, -0.403194, -1.1395011, 1.8495706, 0.7491504, 2.4278529, -0.1439759, -3.7773452, -1.3451544, 0.82997453, -0.6612383, -0.4873631, 1.0520095, 0.8499466, 2.5908961, -1.1197119, -0.3099097, -1.2647022, -1.234008, -1.0153925, -0.64138174, 0, 0, 0, 0, 1, 0, 0, 0, 0, 0, 1, 0, 2, 0, 0, 3, 0, 0, 0]"
[2H]C(=O)O,Jorgensen et al. (18),1.10E+15,15.04139269,"[-4.2843523, 0.40725216, -1.0089545, -1.6089526, 3.2338028, 0.43782735, -3.8267374, 0.78093004, 2.0031202, 1.9232932, 1.1051503, -0.32246077, 0.16876641, 0.75989157, 3.8388114, 0.2760758, -2.8349466, 1.0534799, 2.5516224, -0.36971122, 0.85365367, 0.22205403, 3.1565895, -0.9365587, -5.0141444, -1.2909131, -1.9089787, 2.737829, 0.5299401, -0.87360454, -0.8703842, -3.0046997, -1.0071584, 0.25618187, -1.5156262, -0.26061124, -1.4375249, 2.866227, -0.13878502, 0.65111816, 0.602515, -4.329333, -0.38985777, -1.755611, 1.9177375, -2.128069, 3.6536617, -0.42652816, 0.61156654, 1.8080094, -0.403194, -1.1395011, 1.8495706, 0.7491504, 2.4278529, -0.1439759, -3.7773452, -1.3451544, 0.82997453, -0.6612383, -0.4873631, 1.0520095, 0.8499466, 2.5908961, -1.1197119, -0.3099097, -1.2647022, -1.234008, -1.0153925, -0.64138174, 1, 0, 0, 0, 0, 0, 0, 0, 0, 0, 0, 0, 0, 1, 0, 3, 2, 0, 1]"
[2H]OC=O,Jorgensen et al. (18),1.10E+15,15.04139269,"[-4.2843523, 0.40725216, -1.0089545, -1.6089526, 3.2338028, 0.43782735, -3.8267374, 0.78093004, 2.0031202, 1.9232932, 1.1051503, -0.32246077, 0.16876641, 0.75989157, 3.8388114, 0.2760758, -2.8349466, 1.0534799, 2.5516224, -0.36971122, 0.85365367, 0.22205403, 3.1565895, -0.9365587, -5.0141444, -1.2909131, -1.9089787, 2.737829, 0.5299401, -0.87360454, -0.8703842, -3.0046997, -1.0071584, 0.25618187, -1.5156262, -0.26061124, -1.4375249, 2.866227, -0.13878502, 0.65111816, 0.602515, -4.329333, -0.38985777, -1.755611, 1.9177375, -2.128069, 3.6536617, -0.42652816, 0.61156654, 1.8080094, -0.403194, -1.1395011, 1.8495706, 0.7491504, 2.4278529, -0.1439759, -3.7773452, -1.3451544, 0.82997453, -0.6612383, -0.4873631, 1.0520095, 0.8499466, 2.5908961, -1.1197119, -0.3099097, -1.2647022, -1.234008, -1.0153925, -0.64138174, 1, 0, 0, 0, 0, 0, 0, 0, 0, 0, 0, 0, 0, 0, 1, 3, 0, 1, 0]"
OCCO,Jorgensen et al. (16),5.20E+16,16.72,"[-3.4335377, 2.1702495, -1.4523793, -0.15302743, 4.192414, 0.6268252, -5.4231462, 0.47349596, 3.1570034, 3.841373, 1.9429681, -3.055963, 0.6111015, 3.089204, 3.3331394, 0.73849714, -5.3867593, -0.4997785, 3.554605, -1.1236649, 2.262304, -0.64482313, 4.110722, 1.3966966, -6.0047445, -2.8969655, -2.8015294, 1.574564, 3.430512, 0.07278457, 2.7481089, -2.4854264, -1.6920642, -0.9583691, 1.534446, 0.7019497, -4.9277816, 1.615773, -1.2141455, 2.231921, 0.6441864, 0.23216826, 0.036097016, 0.6063036, 5.4027305, -4.9159937, 6.095113, -2.8214746, 1.0431883, 0.7733574, -1.3932209, -1.2645543, 0.7879746, -0.37237042, 2.3505707, -1.7956405, -3.2483995, -1.0935915, 0.48811138, -0.02382683, -0.9821264, 0.93622994, 2.0287342, 7.2872877, 0.63992655, -2.3796897, 0.3935001, 1.7759256, -0.39223927, 2.053556, 0, 0, 0, 0, 0, 0, 0, 0, 0, 0, 0, 0, 0, 0, 0, 4, 0, 0, 0]"
COCO,Manigand (year?),1.40E+17,17.15,"[-1.6986465, 1.4637952, 0.1893526, 0.72561526, 7.369113, -0.055111468, -3.2264266, -1.3752602, 1.9754794, 1.9044123, 2.0288603, -1.6524478, 1.1899056, 2.1683686, 3.4742444, 0.8889843, -5.875733, -0.072182566, 3.4055076, -1.0978047, 0.25155845, -0.024682704, 4.0579925, 0.5430476, -5.1186233, -1.8583832, -2.0876398, 1.5765411, 3.8082995, -1.1161306, 1.9695446, -3.704624, -1.1572796, -3.3348682, 0.45890376, -0.32454878, -4.3310385, 2.179603, -1.3954995, 1.7923856, 2.1708288, -1.4022005, -0.695891, 0.1624811, 3.9591331, -3.1250103, 5.1541376, -1.8931377, 1.0797718, 0.42724153, -1.3996656, -0.16805471, -0.66313344, -0.13134706, 1.8555999, -0.5618675, -2.288696, -1.3697835, -0.63072044, -1.3800393, -1.4455447, 0.5733033, 1.9898345, 6.540579, -1.3758979, -1.3203219, 0.4618389, 3.4254336, -0.19007666, 2.7933326, 0, 0, 0, 0, 0, 0, 0, 0, 0, 0, 0, 0, 0, 0, 0, 4, 0, 0, 0]"
CCC=O,Lykke et al. (17),2.20E+15,15.34,"[-2.5894015, 1.7271628, -1.7125201, -1.9125202, 5.6784863, 1.4344978, -3.7828796, 1.1101972, 2.465202, 3.2191114, 2.4045544, -0.56801224, 0.36922798, 2.6739702, 3.564641, 1.2029272, -6.0208993, 1.7627208, 2.3757594, -0.5645684, -0.44650957, -0.3730021, 2.7929885, 0.29703313, -5.747459, -2.8680754, -2.522692, 2.686894, 2.4196904, -0.2742496, 0.8762407, -4.0482407, 0.15695444, 0.13427635, -1.5735475, -0.27845547, -2.8743744, 3.5112631, -1.0330555, 0.36310655, 0.17092478, -3.416936, -0.9177394, -2.4005268, 1.5583646, -3.049353, 5.0824914, 1.2754372, -0.13968438, 0.9187135, -2.361687, -1.4128318, 3.1243823, 1.5509356, 2.7451904, 1.1128534, -2.5362015, -2.1522603, -0.6355382, -1.6147715, -0.03756985, 0.7991837, 1.4457121, 5.7510214, -0.7414927, -0.2819889, 0.9106791, 0.6855849, -0.14382759, 1.5288533, 0, 0, 0, 0, 0, 0, 0, 0, 0, 0, 0, 0, 0, 0, 0, 4, 0, 0, 0]"
CC(C)=O,Lykke et al. (17),1.70E+16,16.23,"[-2.3958573, -0.50983375, -0.12429951, -0.061725914, 4.913934, -0.76118135, -2.6439235, 0.15034665, 1.5042298, 0.87655103, 4.9581065, -0.2930196, 3.7621784, 0.699275, 3.9324677, -0.46475324, -4.8920712, 3.4088852, 4.267317, -0.3540981, -1.3513763, 1.007205, 1.3228307, -0.24568245, -3.0642745, -3.4394026, -1.5426714, 1.7991554, 3.6369326, 1.1956338, 0.31406242, -5.174872, 1.5532242, -3.5670662, 0.7032647, 0.020751402, -2.8131819, 3.252927, 0.2548986, 2.0856364, -1.0059005, -0.9697861, 1.001593, 0.21377589, 2.1604493, -1.6680683, 6.091354, 0.5874827, 1.1498544, 1.6901604, -0.85006034, -0.6967555, 1.0251315, 0.5648533, 1.4847839, 1.711236, -3.9760814, -0.51806146, -1.5438875, -1.0787423, -1.9133255, 0.8501521, 3.0468807, 4.187725, -0.26155677, -1.7333583, 1.1737188, 0.06780587, -0.050158158, -0.08776489, 0, 0, 0, 0, 0, 0, 0, 0, 0, 0, 0, 0, 0, 0, 0, 4, 0, 0, 0]"
NC=O,Coutens et al. (16),9.50E+15,15.98,"[-2.4563138, -0.72862643, -0.71998954, -1.5192794, 3.8396237, -0.14258707, -3.0525224, 1.5459265, 3.180367, 1.8833569, 2.2407663, -0.5257039, 0.17874894, 0.62809086, 4.2205954, 0.5717315, -3.1852083, 1.1782881, 3.2452793, -1.4335455, -0.21801451, 0.7329906, 3.1115766, -0.67863274, -2.6178727, -2.5996182, -0.9938825, 0.88576806, 0.6055463, -0.39033148, -1.0327559, -2.9769778, -0.2920967, 0.09813662, -1.0633028, -1.68193, -1.0914121, 2.2589586, 0.12624733, -0.63083255, -0.21756035, -3.7739682, 0.35930288, -2.5757194, 0.56816614, -1.8616567, 2.0186372, -0.799405, 0.7565955, 0.6868586, -1.3729148, -0.76207733, 1.7080004, 1.6419435, 3.055382, 1.4027374, -2.5965729, -1.7561722, 1.8295156, -0.58683336, -0.80319774, 1.3917899, 0.010473192, 2.7402854, -1.6192669, 0.018550843, -1.3043242, -0.44264758, -1.983428, -0.8414209, 0, 0, 0, 0, 0, 0, 0, 0, 0, 0, 0, 0, 0, 0, 0, 3, 0, 0, 0]"
[2H]C(N)=O,Coutens et al. (16),2.10E+14,14.32221929,"[-2.4563138, -0.72862643, -0.71998954, -1.5192794, 3.8396237, -0.14258707, -3.0525224, 1.5459265, 3.180367, 1.8833569, 2.2407663, -0.5257039, 0.17874894, 0.62809086, 4.2205954, 0.5717315, -3.1852083, 1.1782881, 3.2452793, -1.4335455, -0.21801451, 0.7329906, 3.1115766, -0.67863274, -2.6178727, -2.5996182, -0.9938825, 0.88576806, 0.6055463, -0.39033148, -1.0327559, -2.9769778, -0.2920967, 0.09813662, -1.0633028, -1.68193, -1.0914121, 2.2589586, 0.12624733, -0.63083255, -0.21756035, -3.7739682, 0.35930288, -2.5757194, 0.56816614, -1.8616567, 2.0186372, -0.799405, 0.7565955, 0.6868586, -1.3729148, -0.76207733, 1.7080004, 1.6419435, 3.055382, 1.4027374, -2.5965729, -1.7561722, 1.8295156, -0.58683336, -0.80319774, 1.3917899, 0.010473192, 2.7402854, -1.6192669, 0.018550843, -1.3043242, -0.44264758, -1.983428, -0.8414209, 1, 0, 0, 0, 0, 0, 0, 0, 0, 0, 0, 0, 0, 1, 0, 3, 1, 0, 1]"
N[13CH]=O,Coutens et al. (16),1.50E+14,14.17609126,"[-2.4563138, -0.72862643, -0.71998954, -1.5192794, 3.8396237, -0.14258707, -3.0525224, 1.5459265, 3.180367, 1.8833569, 2.2407663, -0.5257039, 0.17874894, 0.62809086, 4.2205954, 0.5717315, -3.1852083, 1.1782881, 3.2452793, -1.4335455, -0.21801451, 0.7329906, 3.1115766, -0.67863274, -2.6178727, -2.5996182, -0.9938825, 0.88576806, 0.6055463, -0.39033148, -1.0327559, -2.9769778, -0.2920967, 0.09813662, -1.0633028, -1.68193, -1.0914121, 2.2589586, 0.12624733, -0.63083255, -0.21756035, -3.7739682, 0.35930288, -2.5757194, 0.56816614, -1.8616567, 2.0186372, -0.799405, 0.7565955, 0.6868586, -1.3729148, -0.76207733, 1.7080004, 1.6419435, 3.055382, 1.4027374, -2.5965729, -1.7561722, 1.8295156, -0.58683336, -0.80319774, 1.3917899, 0.010473192, 2.7402854, -1.6192669, 0.018550843, -1.3043242, -0.44264758, -1.983428, -0.8414209, 0, 0, 0, 0, 1, 0, 0, 0, 0, 0, 1, 0, 1, 0, 0, 3, 0, 0, 0]"
C#N,Drozdovskaya (19),5.00E+16,16.7,"[0.24084035, 1.1850275, 1.4768881, -0.5489886, 0.8776835, 0.32739085, -0.9186912, 1.062864, 1.4168923, 0.8330387, 0.7542119, -0.11261308, 0.9641727, 0.8769268, 1.6800431, -0.37678176, -1.1836176, 0.70213616, 2.2022004, 0.16623636, -0.16458704, 0.37047297, 0.9832332, 0.8550016, -0.75705147, -1.3546586, -0.2493047, 1.5337241, 2.4265752, -0.35732144, 1.0522097, -1.0031705, -1.0249472, -0.15501952, 0.015276853, 0.60908747, -1.2160578, 2.218, -1.6547005, 0.46945792, -0.44718245, -0.92977506, 0.34022564, 0.31824893, 0.45099068, -0.07785222, -0.0077953786, -1.6508365, 0.39765665, 1.1066933, 0.237109, -1.1732696, 1.1808975, -0.8770758, 1.3032705, 0.056833506, -1.7642137, -0.5723899, -1.2090381, -0.2778296, 0.55163205, 0.4341292, 1.7771662, 2.6973338, 0.34623176, -0.21547279, -1.7550762, 0.2513418, -1.4004864, 0.09281626, 0, 0, 0, 0, 0, 0, 0, 0, 0, 0, 0, 0, 0, 0, 0, 2, 0, 0, 0]"
C#[15N],Drozdovskaya (19),2.50E+14,14.39794001,"[0.24084035, 1.1850275, 1.4768881, -0.5489886, 0.8776835, 0.32739085, -0.9186912, 1.062864, 1.4168923, 0.8330387, 0.7542119, -0.11261308, 0.9641727, 0.8769268, 1.6800431, -0.37678176, -1.1836176, 0.70213616, 2.2022004, 0.16623636, -0.16458704, 0.37047297, 0.9832332, 0.8550016, -0.75705147, -1.3546586, -0.2493047, 1.5337241, 2.4265752, -0.35732144, 1.0522097, -1.0031705, -1.0249472, -0.15501952, 0.015276853, 0.60908747, -1.2160578, 2.218, -1.6547005, 0.46945792, -0.44718245, -0.92977506, 0.34022564, 0.31824893, 0.45099068, -0.07785222, -0.0077953786, -1.6508365, 0.39765665, 1.1066933, 0.237109, -1.1732696, 1.1808975, -0.8770758, 1.3032705, 0.056833506, -1.7642137, -0.5723899, -1.2090381, -0.2778296, 0.55163205, 0.4341292, 1.7771662, 2.6973338, 0.34623176, -0.21547279, -1.7550762, 0.2513418, -1.4004864, 0.09281626, 0, 0, 0, 0, 0, 0, 0, 1, 0, 0, 0, 0, 0, 0, 0, 2, 0, 0, 0]"
CC#N,Calcutt et al. (2018b),4.00E+16,16.6,"[0.9233338, 1.3846664, 0.09430134, 0.011827499, 3.3406675, -0.44834444, -3.287119, 0.9986994, 3.3744903, 0.8465509, 2.834501, -0.38929957, 2.2708163, 2.0058722, 3.5145795, 0.3361144, -2.6271708, 1.4731603, 2.8990984, 1.3924382, -0.9209193, 1.5242312, 1.4630718, 1.038248, -3.8599217, -3.6140797, -2.6572082, 2.4188876, 3.2849226, -1.1739101, 1.7112596, -1.8458272, -1.5898331, -1.5500505, -1.7392879, 1.3427985, -2.7835622, 4.6967626, -1.4005734, 0.6363788, -1.149415, -0.7910249, 1.6824838, 1.0082275, 1.8358696, -0.8768718, 0.6795648, -2.8546689, 0.6704958, 2.7147794, -0.7393031, -1.813082, 1.3639715, 0.6743154, 1.3149573, -0.22726978, -2.5735364, -0.28092018, -3.3790286, -1.0332546, 0.3300283, 0.0389048, 2.9016914, 5.8025527, 0.48605266, -1.2662454, -4.378443, 0.15516073, -2.4583616, 1.3022263, 0, 0, 0, 0, 0, 0, 0, 0, 0, 0, 0, 0, 0, 0, 0, 3, 0, 0, 0]"
[13CH3]C#N,Calcutt et al. (2018b),6.00E+14,14.77815125,"[0.9233338, 1.3846664, 0.09430134, 0.011827499, 3.3406675, -0.44834444, -3.287119, 0.9986994, 3.3744903, 0.8465509, 2.834501, -0.38929957, 2.2708163, 2.0058722, 3.5145795, 0.3361144, -2.6271708, 1.4731603, 2.8990984, 1.3924382, -0.9209193, 1.5242312, 1.4630718, 1.038248, -3.8599217, -3.6140797, -2.6572082, 2.4188876, 3.2849226, -1.1739101, 1.7112596, -1.8458272, -1.5898331, -1.5500505, -1.7392879, 1.3427985, -2.7835622, 4.6967626, -1.4005734, 0.6363788, -1.149415, -0.7910249, 1.6824838, 1.0082275, 1.8358696, -0.8768718, 0.6795648, -2.8546689, 0.6704958, 2.7147794, -0.7393031, -1.813082, 1.3639715, 0.6743154, 1.3149573, -0.22726978, -2.5735364, -0.28092018, -3.3790286, -1.0332546, 0.3300283, 0.0389048, 2.9016914, 5.8025527, 0.48605266, -1.2662454, -4.378443, 0.15516073, -2.4583616, 1.3022263, 0, 0, 0, 0, 1, 0, 0, 0, 0, 0, 0, 1, 0, 0, 0, 3, 0, 0, 0]"
C[13C]#N,Calcutt et al. (2018b),5.00E+14,14.69897,"[0.9233338, 1.3846664, 0.09430134, 0.011827499, 3.3406675, -0.44834444, -3.287119, 0.9986994, 3.3744903, 0.8465509, 2.834501, -0.38929957, 2.2708163, 2.0058722, 3.5145795, 0.3361144, -2.6271708, 1.4731603, 2.8990984, 1.3924382, -0.9209193, 1.5242312, 1.4630718, 1.038248, -3.8599217, -3.6140797, -2.6572082, 2.4188876, 3.2849226, -1.1739101, 1.7112596, -1.8458272, -1.5898331, -1.5500505, -1.7392879, 1.3427985, -2.7835622, 4.6967626, -1.4005734, 0.6363788, -1.149415, -0.7910249, 1.6824838, 1.0082275, 1.8358696, -0.8768718, 0.6795648, -2.8546689, 0.6704958, 2.7147794, -0.7393031, -1.813082, 1.3639715, 0.6743154, 1.3149573, -0.22726978, -2.5735364, -0.28092018, -3.3790286, -1.0332546, 0.3300283, 0.0389048, 2.9016914, 5.8025527, 0.48605266, -1.2662454, -4.378443, 0.15516073, -2.4583616, 1.3022263, 0, 0, 0, 0, 1, 0, 0, 0, 0, 1, 0, 0, 0, 0, 0, 3, 0, 0, 0]"
CC#[15N],Calcutt et al. (2018b),1.60E+14,14.20411998,"[0.9233338, 1.3846664, 0.09430134, 0.011827499, 3.3406675, -0.44834444, -3.287119, 0.9986994, 3.3744903, 0.8465509, 2.834501, -0.38929957, 2.2708163, 2.0058722, 3.5145795, 0.3361144, -2.6271708, 1.4731603, 2.8990984, 1.3924382, -0.9209193, 1.5242312, 1.4630718, 1.038248, -3.8599217, -3.6140797, -2.6572082, 2.4188876, 3.2849226, -1.1739101, 1.7112596, -1.8458272, -1.5898331, -1.5500505, -1.7392879, 1.3427985, -2.7835622, 4.6967626, -1.4005734, 0.6363788, -1.149415, -0.7910249, 1.6824838, 1.0082275, 1.8358696, -0.8768718, 0.6795648, -2.8546689, 0.6704958, 2.7147794, -0.7393031, -1.813082, 1.3639715, 0.6743154, 1.3149573, -0.22726978, -2.5735364, -0.28092018, -3.3790286, -1.0332546, 0.3300283, 0.0389048, 2.9016914, 5.8025527, 0.48605266, -1.2662454, -4.378443, 0.15516073, -2.4583616, 1.3022263, 0, 0, 0, 0, 0, 0, 0, 1, 0, 0, 0, 0, 0, 0, 0, 3, 0, 0, 0]"
[2H]CC#N,Calcutt et al. (2018b),1.40E+15,15.14612804,"[0.9233338, 1.3846664, 0.09430134, 0.011827499, 3.3406675, -0.44834444, -3.287119, 0.9986994, 3.3744903, 0.8465509, 2.834501, -0.38929957, 2.2708163, 2.0058722, 3.5145795, 0.3361144, -2.6271708, 1.4731603, 2.8990984, 1.3924382, -0.9209193, 1.5242312, 1.4630718, 1.038248, -3.8599217, -3.6140797, -2.6572082, 2.4188876, 3.2849226, -1.1739101, 1.7112596, -1.8458272, -1.5898331, -1.5500505, -1.7392879, 1.3427985, -2.7835622, 4.6967626, -1.4005734, 0.6363788, -1.149415, -0.7910249, 1.6824838, 1.0082275, 1.8358696, -0.8768718, 0.6795648, -2.8546689, 0.6704958, 2.7147794, -0.7393031, -1.813082, 1.3639715, 0.6743154, 1.3149573, -0.22726978, -2.5735364, -0.28092018, -3.3790286, -1.0332546, 0.3300283, 0.0389048, 2.9016914, 5.8025527, 0.48605266, -1.2662454, -4.378443, 0.15516073, -2.4583616, 1.3022263, 1, 0, 0, 0, 0, 0, 0, 0, 0, 0, 0, 0, 0, 1, 0, 3, 0, 1, 0]"
[2H]C([2H])C#N,Calcutt et al. (2018b),2.00E+14,14.30103,"[0.9233338, 1.3846664, 0.09430134, 0.011827499, 3.3406675, -0.44834444, -3.287119, 0.9986994, 3.3744903, 0.8465509, 2.834501, -0.38929957, 2.2708163, 2.0058722, 3.5145795, 0.3361144, -2.6271708, 1.4731603, 2.8990984, 1.3924382, -0.9209193, 1.5242312, 1.4630718, 1.038248, -3.8599217, -3.6140797, -2.6572082, 2.4188876, 3.2849226, -1.1739101, 1.7112596, -1.8458272, -1.5898331, -1.5500505, -1.7392879, 1.3427985, -2.7835622, 4.6967626, -1.4005734, 0.6363788, -1.149415, -0.7910249, 1.6824838, 1.0082275, 1.8358696, -0.8768718, 0.6795648, -2.8546689, 0.6704958, 2.7147794, -0.7393031, -1.813082, 1.3639715, 0.6743154, 1.3149573, -0.22726978, -2.5735364, -0.28092018, -3.3790286, -1.0332546, 0.3300283, 0.0389048, 2.9016914, 5.8025527, 0.48605266, -1.2662454, -4.378443, 0.15516073, -2.4583616, 1.3022263, 2, 0, 0, 0, 0, 0, 0, 0, 0, 0, 0, 0, 0, 2, 0, 3, 0, 1, 0]"
[C-]#[N+]C,Calcutt et al. (2018a),2.00E+14,14.3,"[1.7677851, 1.3411903, 3.8962622, -0.18577722, 1.8336791, 1.2973537, -0.800772, 3.0495481, 8.013187, 2.8528552, -0.33057085, -0.49792185, -1.0866085, 0.21740593, 1.323304, -1.6186014, -0.95913345, 1.4668767, 3.4986954, 0.48272288, -0.7091788, 0.17715898, 1.8455718, 1.1461829, -0.14519268, -1.8733234, 0.8892472, 3.662121, 2.230974, -1.9181478, 0.38069728, -1.2018962, 2.808406, -2.90904, -6.343677, 1.5802416, -1.5679412, 5.085573, -1.0183126, 0.6537627, 0.49880266, -2.5247548, 0.7138658, -0.4665982, -1.1669912, -0.4672428, -0.49164677, 0.12345032, -0.6138634, 0.99098986, -0.6943945, 0.37716144, 0.6026509, -0.86865497, 0.7945523, -0.48042956, -2.5727186, -0.63562524, -1.2183458, -1.9915338, -1.0327593, 0.1018864, 3.163569, 4.171684, -0.06983541, 3.1973033, -3.906393, 1.0964828, 0.31257957, -2.9797087, 0, 0, 0, 0, 0, 0, 0, 0, 0, 0, 0, 0, 0, 0, 0, 3, 0, 0, 0]"
N=C=O,Ligertink et al. (2017),3.70E+16,16.57,"[1.1731429, 1.759617, 1.6519883, -2.2019446, 5.31933, 0.13222733, -3.6397645, 0.7863431, 3.8706164, 1.3431144, 3.3702781, -2.2723212, 2.13905, 0.18667173, 5.2243533, -2.482027, 0.5118701, -0.8195801, 1.2618035, -1.4777672, -1.2640878, 1.9030118, 2.2569203, 0.74515444, -2.3345497, -1.620529, -1.9321651, 2.2188728, 2.3697293, -1.1404347, 0.9393227, -2.306081, 1.8336453, -0.12585993, 0.22465266, -0.7150615, 0.3811956, 2.8263402, -1.0450286, 0.678941, 0.36114144, -3.9098833, -1.2646466, -1.1215919, 2.01369, -2.466803, 2.8776429, -2.1838796, -0.36202866, 3.260137, 0.8607464, -0.3000872, 1.8502742, 2.1648386, 2.29276, -1.6607336, -3.6752806, -0.81362706, -3.2301774, -0.16641682, 0.27192628, -0.26870936, 1.0029578, 2.5426304, -0.76277995, -2.598854, -1.2505009, -0.93003744, -1.0955672, -2.4642215, 0, 0, 0, 0, 0, 0, 0, 0, 0, 0, 0, 0, 0, 0, 0, 3, 0, 0, 0]"
[2H]N=C=O,Coutens et al. (16),3.00E+14,14.47712125,"[1.1731429, 1.759617, 1.6519883, -2.2019446, 5.31933, 0.13222733, -3.6397645, 0.7863431, 3.8706164, 1.3431144, 3.3702781, -2.2723212, 2.13905, 0.18667173, 5.2243533, -2.482027, 0.5118701, -0.8195801, 1.2618035, -1.4777672, -1.2640878, 1.9030118, 2.2569203, 0.74515444, -2.3345497, -1.620529, -1.9321651, 2.2188728, 2.3697293, -1.1404347, 0.9393227, -2.306081, 1.8336453, -0.12585993, 0.22465266, -0.7150615, 0.3811956, 2.8263402, -1.0450286, 0.678941, 0.36114144, -3.9098833, -1.2646466, -1.1215919, 2.01369, -2.466803, 2.8776429, -2.1838796, -0.36202866, 3.260137, 0.8607464, -0.3000872, 1.8502742, 2.1648386, 2.29276, -1.6607336, -3.6752806, -0.81362706, -3.2301774, -0.16641682, 0.27192628, -0.26870936, 1.0029578, 2.5426304, -0.76277995, -2.598854, -1.2505009, -0.93003744, -1.0955672, -2.4642215, 1, 0, 0, 0, 0, 0, 0, 0, 0, 0, 0, 0, 0, 0, 0, 3, 0, 1, 0]"
N=[13C]=O,Coutens et al. (16),4.00E+14,14.60205999,"[1.1731429, 1.759617, 1.6519883, -2.2019446, 5.31933, 0.13222733, -3.6397645, 0.7863431, 3.8706164, 1.3431144, 3.3702781, -2.2723212, 2.13905, 0.18667173, 5.2243533, -2.482027, 0.5118701, -0.8195801, 1.2618035, -1.4777672, -1.2640878, 1.9030118, 2.2569203, 0.74515444, -2.3345497, -1.620529, -1.9321651, 2.2188728, 2.3697293, -1.1404347, 0.9393227, -2.306081, 1.8336453, -0.12585993, 0.22465266, -0.7150615, 0.3811956, 2.8263402, -1.0450286, 0.678941, 0.36114144, -3.9098833, -1.2646466, -1.1215919, 2.01369, -2.466803, 2.8776429, -2.1838796, -0.36202866, 3.260137, 0.8607464, -0.3000872, 1.8502742, 2.1648386, 2.29276, -1.6607336, -3.6752806, -0.81362706, -3.2301774, -0.16641682, 0.27192628, -0.26870936, 1.0029578, 2.5426304, -0.76277995, -2.598854, -1.2505009, -0.93003744, -1.0955672, -2.4642215, 0, 0, 0, 0, 1, 0, 0, 0, 0, 1, 0, 0, 1, 0, 0, 3, 0, 0, 0]"
C#CC#N,Calcutt et al. (2018b),1.80E+14,14.26,"[0.7277442, 2.8644364, 3.0409722, -2.1204135, 3.3342988, 0.18980509, -4.5212507, 2.029134, 4.5667067, 0.5247997, 2.1547637, -1.2088826, 3.4766173, 3.3421047, 5.2463746, 0.31186566, -2.2938864, 1.074363, 3.0300717, 1.2188185, -0.6884911, 0.80202454, 3.0037272, 3.2202432, -3.9475803, -3.9747112, -3.0278525, 5.1459837, 5.631748, -0.85694456, 3.5106127, -1.8686404, -3.2240415, -0.18357022, -0.7048639, 2.3796823, -4.5568695, 6.5648985, -2.2730124, 1.0777122, -0.27881604, -2.472899, 0.6641351, 0.8381934, 2.3691652, -2.4358675, 0.34269693, -4.060506, -0.843066, 3.3476067, -0.43997645, -2.0887914, 3.1695106, -1.509241, 3.8365273, 0.14971364, -3.729444, -2.2345648, -6.460208, -0.29413676, 2.787245, 0.056478634, 5.4853554, 8.78465, -0.5632491, -1.4244844, -6.825921, 1.948381, -4.3963594, 0.17333844, 0, 0, 0, 0, 0, 0, 0, 0, 0, 0, 0, 0, 0, 0, 0, 4, 0, 0, 0]"
S,Drozdovskaya (18),1.70E+17,17.23,"[0.20140675, -0.04654868, 0.8073308, 0.045414187, 0.09613168, -0.12031608, 0.14828144, 0.47588614, 0.45902818, 0.27420023, 0.07977503, 0.037978236, 0.44111612, -0.39315897, 0.41995603, 0.094958596, 0.22865425, 0.07599921, 0.8120586, -0.1034236, 0.26568073, 0.6046874, 0.08120744, -0.18248412, -0.26997998, 0.060169008, -0.13382767, 0.111945726, 0.07878454, -0.443991, -0.13648634, 0.31299195, 0.041147456, 0.102714956, 0.02969558, -0.25659218, 0.28488755, 0.10703696, 0.23794806, 0.5342997, -0.37350345, -0.6043562, 0.043441083, -0.6723531, -0.0066935495, 0.00994005, 0.30479088, -0.6309378, -0.050040428, 0.4595433, -0.27859536, -0.3439755, -0.09977434, 0.5904285, 0.40163848, 0.08437367, -0.8834698, 0.63406366, 0.49671638, 0.0053654932, -0.6324172, 0.62030643, 0.33194265, 0.45001224, 0.61326414, -0.7429992, -0.09777814, 0.13409533, 0.11735581, -0.16358614, 0, 0, 0, 0, 0, 0, 0, 0, 0, 0, 0, 0, 0, 0, 0, 1, 0, 0, 0]"
[2H]S,Drozdovskaya et al. (18),1.60E+16,16.20411998,"[0.20140675, -0.04654868, 0.8073308, 0.045414187, 0.09613168, -0.12031608, 0.14828144, 0.47588614, 0.45902818, 0.27420023, 0.07977503, 0.037978236, 0.44111612, -0.39315897, 0.41995603, 0.094958596, 0.22865425, 0.07599921, 0.8120586, -0.1034236, 0.26568073, 0.6046874, 0.08120744, -0.18248412, -0.26997998, 0.060169008, -0.13382767, 0.111945726, 0.07878454, -0.443991, -0.13648634, 0.31299195, 0.041147456, 0.102714956, 0.02969558, -0.25659218, 0.28488755, 0.10703696, 0.23794806, 0.5342997, -0.37350345, -0.6043562, 0.043441083, -0.6723531, -0.0066935495, 0.00994005, 0.30479088, -0.6309378, -0.050040428, 0.4595433, -0.27859536, -0.3439755, -0.09977434, 0.5904285, 0.40163848, 0.08437367, -0.8834698, 0.63406366, 0.49671638, 0.0053654932, -0.6324172, 0.62030643, 0.33194265, 0.45001224, 0.61326414, -0.7429992, -0.09777814, 0.13409533, 0.11735581, -0.16358614, 1, 0, 0, 0, 0, 0, 0, 0, 0, 0, 0, 0, 0, 0, 0, 1, 0, 0, 0]"
[2H][34SH],Drozdovskaya et al. (18),1.00E+15,15,"[0.20140675, -0.04654868, 0.8073308, 0.045414187, 0.09613168, -0.12031608, 0.14828144, 0.47588614, 0.45902818, 0.27420023, 0.07977503, 0.037978236, 0.44111612, -0.39315897, 0.41995603, 0.094958596, 0.22865425, 0.07599921, 0.8120586, -0.1034236, 0.26568073, 0.6046874, 0.08120744, -0.18248412, -0.26997998, 0.060169008, -0.13382767, 0.111945726, 0.07878454, -0.443991, -0.13648634, 0.31299195, 0.041147456, 0.102714956, 0.02969558, -0.25659218, 0.28488755, 0.10703696, 0.23794806, 0.5342997, -0.37350345, -0.6043562, 0.043441083, -0.6723531, -0.0066935495, 0.00994005, 0.30479088, -0.6309378, -0.050040428, 0.4595433, -0.27859536, -0.3439755, -0.09977434, 0.5904285, 0.40163848, 0.08437367, -0.8834698, 0.63406366, 0.49671638, 0.0053654932, -0.6324172, 0.62030643, 0.33194265, 0.45001224, 0.61326414, -0.7429992, -0.09777814, 0.13409533, 0.11735581, -0.16358614, 1, 1, 0, 0, 0, 0, 0, 0, 0, 0, 0, 0, 0, 0, 0, 1, 0, 0, 0]"
O=C=S,Drozdovskaya (18),2.50E+17,17.4,"[0.6375394, 0.06093948, 1.8493009, -1.823439, 4.784813, -0.9700305, -2.4398744, 1.0458803, 4.052808, 0.4944261, 3.267141, -1.7498877, 1.6431713, 1.0250554, 2.3671956, -1.6380303, -0.14845738, -0.95537096, 2.1437144, 0.380724, -0.929386, 1.8057785, 0.0767657, 0.6631137, -1.0622199, -0.35589564, -3.2845066, 3.1444664, 1.4019802, -0.52900857, 2.0071814, -2.3149455, 1.9610368, -0.48781222, -0.5524031, -0.070823975, -2.030549, 1.6609149, -0.71052814, 0.67177653, 0.00503242, -3.485488, -0.875135, -2.4567213, 2.126811, -3.737035, 2.4160323, -2.9781845, -2.441307, 4.918736, 0.6229025, 1.2702608, 1.9526482, 2.0428987, 1.8883069, -0.35780117, -2.4356425, 0.84822935, -1.8760813, -0.2406574, 0.20543325, 0.09032233, 1.5429279, 3.6100762, 0.35548672, -3.771885, -0.8027725, 0.62923384, 0.06883311, -1.3867384, 0, 0, 0, 0, 0, 0, 0, 0, 0, 0, 0, 0, 0, 0, 0, 3, 0, 0, 0]"
O=[13C]=S,Drozdovskaya et al. (18),5.00E+15,15.69897,"[0.6375394, 0.06093948, 1.8493009, -1.823439, 4.784813, -0.9700305, -2.4398744, 1.0458803, 4.052808, 0.4944261, 3.267141, -1.7498877, 1.6431713, 1.0250554, 2.3671956, -1.6380303, -0.14845738, -0.95537096, 2.1437144, 0.380724, -0.929386, 1.8057785, 0.0767657, 0.6631137, -1.0622199, -0.35589564, -3.2845066, 3.1444664, 1.4019802, -0.52900857, 2.0071814, -2.3149455, 1.9610368, -0.48781222, -0.5524031, -0.070823975, -2.030549, 1.6609149, -0.71052814, 0.67177653, 0.00503242, -3.485488, -0.875135, -2.4567213, 2.126811, -3.737035, 2.4160323, -2.9781845, -2.441307, 4.918736, 0.6229025, 1.2702608, 1.9526482, 2.0428987, 1.8883069, -0.35780117, -2.4356425, 0.84822935, -1.8760813, -0.2406574, 0.20543325, 0.09032233, 1.5429279, 3.6100762, 0.35548672, -3.771885, -0.8027725, 0.62923384, 0.06883311, -1.3867384, 0, 0, 0, 0, 1, 0, 0, 0, 0, 1, 0, 0, 1, 0, 0, 3, 0, 0, 0]"
O=C=[34S],Drozdovskaya et al. (18),1.00E+16,16,"[0.6375394, 0.06093948, 1.8493009, -1.823439, 4.784813, -0.9700305, -2.4398744, 1.0458803, 4.052808, 0.4944261, 3.267141, -1.7498877, 1.6431713, 1.0250554, 2.3671956, -1.6380303, -0.14845738, -0.95537096, 2.1437144, 0.380724, -0.929386, 1.8057785, 0.0767657, 0.6631137, -1.0622199, -0.35589564, -3.2845066, 3.1444664, 1.4019802, -0.52900857, 2.0071814, -2.3149455, 1.9610368, -0.48781222, -0.5524031, -0.070823975, -2.030549, 1.6609149, -0.71052814, 0.67177653, 0.00503242, -3.485488, -0.875135, -2.4567213, 2.126811, -3.737035, 2.4160323, -2.9781845, -2.441307, 4.918736, 0.6229025, 1.2702608, 1.9526482, 2.0428987, 1.8883069, -0.35780117, -2.4356425, 0.84822935, -1.8760813, -0.2406574, 0.20543325, 0.09032233, 1.5429279, 3.6100762, 0.35548672, -3.771885, -0.8027725, 0.62923384, 0.06883311, -1.3867384, 0, 1, 0, 0, 0, 0, 0, 0, 0, 0, 0, 0, 0, 0, 0, 3, 0, 0, 0]"
O=C=[33S],Drozdovskaya et al. (18),3.00E+15,15.47712125,"[0.6375394, 0.06093948, 1.8493009, -1.823439, 4.784813, -0.9700305, -2.4398744, 1.0458803, 4.052808, 0.4944261, 3.267141, -1.7498877, 1.6431713, 1.0250554, 2.3671956, -1.6380303, -0.14845738, -0.95537096, 2.1437144, 0.380724, -0.929386, 1.8057785, 0.0767657, 0.6631137, -1.0622199, -0.35589564, -3.2845066, 3.1444664, 1.4019802, -0.52900857, 2.0071814, -2.3149455, 1.9610368, -0.48781222, -0.5524031, -0.070823975, -2.030549, 1.6609149, -0.71052814, 0.67177653, 0.00503242, -3.485488, -0.875135, -2.4567213, 2.126811, -3.737035, 2.4160323, -2.9781845, -2.441307, 4.918736, 0.6229025, 1.2702608, 1.9526482, 2.0428987, 1.8883069, -0.35780117, -2.4356425, 0.84822935, -1.8760813, -0.2406574, 0.20543325, 0.09032233, 1.5429279, 3.6100762, 0.35548672, -3.771885, -0.8027725, 0.62923384, 0.06883311, -1.3867384, 0, 0, 1, 0, 0, 0, 0, 0, 0, 0, 0, 0, 0, 0, 0, 3, 0, 0, 0]"
[18O]=C=S,Drozdovskaya et al. (18),5.00E+14,14.69897,"[0.6375394, 0.06093948, 1.8493009, -1.823439, 4.784813, -0.9700305, -2.4398744, 1.0458803, 4.052808, 0.4944261, 3.267141, -1.7498877, 1.6431713, 1.0250554, 2.3671956, -1.6380303, -0.14845738, -0.95537096, 2.1437144, 0.380724, -0.929386, 1.8057785, 0.0767657, 0.6631137, -1.0622199, -0.35589564, -3.2845066, 3.1444664, 1.4019802, -0.52900857, 2.0071814, -2.3149455, 1.9610368, -0.48781222, -0.5524031, -0.070823975, -2.030549, 1.6609149, -0.71052814, 0.67177653, 0.00503242, -3.485488, -0.875135, -2.4567213, 2.126811, -3.737035, 2.4160323, -2.9781845, -2.441307, 4.918736, 0.6229025, 1.2702608, 1.9526482, 2.0428987, 1.8883069, -0.35780117, -2.4356425, 0.84822935, -1.8760813, -0.2406574, 0.20543325, 0.09032233, 1.5429279, 3.6100762, 0.35548672, -3.771885, -0.8027725, 0.62923384, 0.06883311, -1.3867384, 0, 0, 0, 0, 0, 0, 1, 0, 0, 0, 0, 0, 0, 0, 0, 3, 0, 0, 0]"
CS,Drozdovskaya (18),4.80E+15,15.68,"[0.12197143, -0.8422973, 0.98373085, -0.3190415, 2.0193026, 0.13271087, 0.3706596, -0.26867807, 1.813674, 0.6940913, 0.25266734, 0.9103632, 0.80781734, -0.49014238, 0.3051638, 0.0779831, -0.95351934, -0.4035931, 1.8341382, -0.4300164, -0.06929227, 0.3870359, 0.52006596, 0.15383503, -0.84774315, -0.80891114, -0.102948904, -0.32509777, 1.1285473, -0.33360648, 1.5846939, -1.1335045, 0.9050797, 0.10075316, -0.24008018, -0.52648807, 0.2531964, 1.1487241, -0.3266168, 1.3534532, -1.779571, -1.5367223, -0.7557629, -1.3295292, 0.9486589, -1.5194931, 0.84401345, -1.0961343, 0.7020768, 0.47679487, -0.48056683, -0.5477466, -0.3491007, 0.6435635, 0.41557574, 0.36590034, -1.2927313, -0.0011483133, 0.8760336, 0.2296283, -1.3812537, 0.6999774, 0.88832784, 1.8668387, 0.85982513, -0.68679583, -0.08239105, 0.3894412, 0.81389195, 0.19890732, 0, 0, 0, 0, 0, 0, 0, 0, 0, 0, 0, 0, 0, 0, 0, 2, 0, 0, 0]"
[C-]#[S+],Drozdovskaya (18),3.90E+15,15.59,"[0.6782115, 0.3715282, 2.2669625, -0.6108184, -0.16065031, 0.1119389, -0.49385506, 0.6225596, 2.6898708, 1.1380582, -0.12361883, 0.20163132, 0.19523343, -0.390958, 1.0306313, -0.02739913, 0.14393884, 0.36056262, 3.0141206, 1.0385231, -0.56645405, 0.17405407, -0.12485057, -0.1149866, 1.0890579, 0.060486645, 0.31508967, 1.35667, 0.3814726, -0.6708506, 0.9490848, -0.012849025, 0.029843517, 0.18386725, -1.9499238, 1.1600137, -0.5286846, 1.1716418, -0.6161477, 1.0712315, -0.020153295, -0.5803349, 0.2971307, -0.43984693, -1.138487, -0.35099158, -1.1653055, 0.44787347, -0.6269671, 1.1421862, -1.612988, -0.334858, -0.9298165, -0.25330988, 0.63675064, 0.29497394, -1.4699531, -0.522235, -0.71020967, 0.35284972, 0.35362467, -0.2542928, 1.8738804, 1.176966, 0.06316982, 0.2901815, -1.6585591, -0.19158517, 0.14887246, -2.1035442, 0, 0, 0, 0, 0, 0, 0, 0, 0, 0, 0, 0, 0, 0, 0, 2, 0, 0, 0]"
[C-]#[34S+],Drozdovskaya et al. (18),2.00E+14,14.30103,"[0.6782115, 0.3715282, 2.2669625, -0.6108184, -0.16065031, 0.1119389, -0.49385506, 0.6225596, 2.6898708, 1.1380582, -0.12361883, 0.20163132, 0.19523343, -0.390958, 1.0306313, -0.02739913, 0.14393884, 0.36056262, 3.0141206, 1.0385231, -0.56645405, 0.17405407, -0.12485057, -0.1149866, 1.0890579, 0.060486645, 0.31508967, 1.35667, 0.3814726, -0.6708506, 0.9490848, -0.012849025, 0.029843517, 0.18386725, -1.9499238, 1.1600137, -0.5286846, 1.1716418, -0.6161477, 1.0712315, -0.020153295, -0.5803349, 0.2971307, -0.43984693, -1.138487, -0.35099158, -1.1653055, 0.44787347, -0.6269671, 1.1421862, -1.612988, -0.334858, -0.9298165, -0.25330988, 0.63675064, 0.29497394, -1.4699531, -0.522235, -0.71020967, 0.35284972, 0.35362467, -0.2542928, 1.8738804, 1.176966, 0.06316982, 0.2901815, -1.6585591, -0.19158517, 0.14887246, -2.1035442, 0, 1, 0, 0, 0, 0, 0, 0, 0, 0, 0, 0, 0, 0, 0, 2, 0, 0, 0]"
[C-]#[36S+],Drozdovskaya et al. (18),1.40E+13,13.14612804,"[0.6782115, 0.3715282, 2.2669625, -0.6108184, -0.16065031, 0.1119389, -0.49385506, 0.6225596, 2.6898708, 1.1380582, -0.12361883, 0.20163132, 0.19523343, -0.390958, 1.0306313, -0.02739913, 0.14393884, 0.36056262, 3.0141206, 1.0385231, -0.56645405, 0.17405407, -0.12485057, -0.1149866, 1.0890579, 0.060486645, 0.31508967, 1.35667, 0.3814726, -0.6708506, 0.9490848, -0.012849025, 0.029843517, 0.18386725, -1.9499238, 1.1600137, -0.5286846, 1.1716418, -0.6161477, 1.0712315, -0.020153295, -0.5803349, 0.2971307, -0.43984693, -1.138487, -0.35099158, -1.1653055, 0.44787347, -0.6269671, 1.1421862, -1.612988, -0.334858, -0.9298165, -0.25330988, 0.63675064, 0.29497394, -1.4699531, -0.522235, -0.71020967, 0.35284972, 0.35362467, -0.2542928, 1.8738804, 1.176966, 0.06316982, 0.2901815, -1.6585591, -0.19158517, 0.14887246, -2.1035442, 0, 0, 0, 1, 0, 0, 0, 0, 0, 0, 0, 0, 0, 0, 0, 2, 0, 0, 0]"
C=S,Drozdovskaya (18),1.30E+15,15.11,"[-1.2388573, 0.66435623, 1.340613, -1.5819569, 0.5805816, -1.0966835, -0.53774464, 0.08517107, 0.9387175, 0.8589106, 1.8318535, -0.17986533, 0.35092968, 0.6227964, -0.02561292, -0.68927103, -0.96473765, -0.56639695, 2.7199697, -0.6496668, -0.7210771, 0.24670774, -0.52272636, -0.6355293, 0.77514535, -0.2468585, -0.3175429, 1.9844438, 0.34880185, -1.3857982, 1.4866494, -0.8899219, 0.9846005, -0.05202204, 0.34621048, -0.9990332, -1.1571355, -0.47890425, -0.55673796, -0.17859644, -0.12835921, -1.0527141, 0.72340405, -1.1986793, 0.95094115, -1.0633676, 0.8198043, -0.6763394, -0.705547, 1.1053972, -0.7804949, -0.20322728, -0.56539834, 1.9798846, 0.5036312, 0.5290752, -1.3341379, 1.0449078, 0.22804841, 0.3356797, -1.1373804, 0.0829007, 1.8406422, 2.0770526, 0.651262, -1.3253179, 1.5755215, 0.3360524, -0.69545513, -0.62797856, 0, 0, 0, 0, 0, 0, 0, 0, 0, 0, 0, 0, 0, 0, 0, 2, 0, 0, 0]"
[C-]#[33S+],Drozdovskaya et al. (18),8.00E+13,13.90308999,"[-1.2388573, 0.66435623, 1.340613, -1.5819569, 0.5805816, -1.0966835, -0.53774464, 0.08517107, 0.9387175, 0.8589106, 1.8318535, -0.17986533, 0.35092968, 0.6227964, -0.02561292, -0.68927103, -0.96473765, -0.56639695, 2.7199697, -0.6496668, -0.7210771, 0.24670774, -0.52272636, -0.6355293, 0.77514535, -0.2468585, -0.3175429, 1.9844438, 0.34880185, -1.3857982, 1.4866494, -0.8899219, 0.9846005, -0.05202204, 0.34621048, -0.9990332, -1.1571355, -0.47890425, -0.55673796, -0.17859644, -0.12835921, -1.0527141, 0.72340405, -1.1986793, 0.95094115, -1.0633676, 0.8198043, -0.6763394, -0.705547, 1.1053972, -0.7804949, -0.20322728, -0.56539834, 1.9798846, 0.5036312, 0.5290752, -1.3341379, 1.0449078, 0.22804841, 0.3356797, -1.1373804, 0.0829007, 1.8406422, 2.0770526, 0.651262, -1.3253179, 1.5755215, 0.3360524, -0.69545513, -0.62797856, 0, 0, 1, 0, 0, 0, 0, 0, 0, 0, 0, 0, 0, 0, 0, 2, 0, 0, 0]"
[2H]C=S,Drozdovskaya et al. (18),1.50E+14,14.17609126,"[-1.2388573, 0.66435623, 1.340613, -1.5819569, 0.5805816, -1.0966835, -0.53774464, 0.08517107, 0.9387175, 0.8589106, 1.8318535, -0.17986533, 0.35092968, 0.6227964, -0.02561292, -0.68927103, -0.96473765, -0.56639695, 2.7199697, -0.6496668, -0.7210771, 0.24670774, -0.52272636, -0.6355293, 0.77514535, -0.2468585, -0.3175429, 1.9844438, 0.34880185, -1.3857982, 1.4866494, -0.8899219, 0.9846005, -0.05202204, 0.34621048, -0.9990332, -1.1571355, -0.47890425, -0.55673796, -0.17859644, -0.12835921, -1.0527141, 0.72340405, -1.1986793, 0.95094115, -1.0633676, 0.8198043, -0.6763394, -0.705547, 1.1053972, -0.7804949, -0.20322728, -0.56539834, 1.9798846, 0.5036312, 0.5290752, -1.3341379, 1.0449078, 0.22804841, 0.3356797, -1.1373804, 0.0829007, 1.8406422, 2.0770526, 0.651262, -1.3253179, 1.5755215, 0.3360524, -0.69545513, -0.62797856, 1, 0, 0, 0, 0, 0, 0, 0, 0, 0, 0, 0, 0, 1, 0, 2, 0, 0, 0]"
O=S,Drozdovskaya (18),4.40E+14,14.64,"[-1.1949636, -0.20450902, 1.0800139, -0.59290874, 1.0774766, -1.0363009, -1.0616316, -0.1723475, 0.549117, 0.7571333, 1.1304176, -0.20223895, 0.14476377, -0.18134436, 1.1982734, -0.2642065, -0.1647566, -0.12535165, 2.6167736, -0.07576814, 0.31094792, 1.531507, 0.19290957, -0.37682745, -0.688773, -0.008094311, -0.76847345, 1.1021568, 0.19959742, -0.27758896, 0.27135524, -1.4591936, 1.663803, -0.62434924, 0.66664433, -0.8284435, -1.3543153, 0.69888604, -0.3084691, 0.112544596, -0.5738598, -1.8087746, 0.70177937, -1.4608792, 0.8512453, -1.1497834, 0.5546408, -1.2858582, -1.0913849, 1.6974809, -0.48813117, -0.012046106, -0.0023179352, 1.4331479, 0.35354596, 0.30265135, -1.2197633, 0.25151575, -0.013927251, 0.038096428, -1.3487412, 0.6123662, 0.4930876, 1.3008403, 0.69407, -1.8025353, 1.1386762, 0.3167193, -0.07127488, -0.22776328, 0, 0, 0, 0, 0, 0, 0, 0, 0, 0, 0, 0, 0, 0, 0, 2, 0, 0, 0]"
CCl,Fayolle et al. (17),4.60E+14,14.66,"[-0.06952669, -0.40283212, -0.5937706, 0.06765951, 2.1117969, -0.052458197, -1.0273349, 0.60010606, 0.6051678, 1.4449964, 1.2723858, -0.2139343, 0.8982214, -0.2280086, 0.25702494, 0.46723977, -1.4437932, 0.120549574, 1.4990516, 0.2303147, -0.5446901, 0.2774716, 0.102887236, -0.25759667, -0.011269018, -0.34404695, -0.79859906, 0.6049307, 0.48483077, -0.06616682, 0.8153974, -0.9038346, -0.18430202, -1.4661449, -0.9236541, -1.4160267, -0.41347498, 1.4987832, -0.6167798, -0.39553446, -0.6797439, -1.2525396, -0.056115407, 0.5294469, 0.32607335, 0.017061174, 1.5558859, -0.9688152, 0.7526123, 0.29685652, -0.07283722, -0.8050274, 0.07241467, 0.60324425, 0.7625944, 0.20685348, -1.4366404, 0.97356176, -0.039727632, -0.79369783, -0.7885046, 1.0631263, 0.44697827, 1.2695554, -0.14895394, 0.14141047, 0.5820449, 0.46400392, 0.055425018, -0.6839698, 0, 0, 0, 0, 0, 0, 0, 0, 0, 0, 0, 0, 0, 0, 0, 2, 0, 0, 0]"
C[37Cl],Fayolle et al. (17),2.20E+14,14.34242268,"[-0.06952669, -0.40283212, -0.5937706, 0.06765951, 2.1117969, -0.052458197, -1.0273349, 0.60010606, 0.6051678, 1.4449964, 1.2723858, -0.2139343, 0.8982214, -0.2280086, 0.25702494, 0.46723977, -1.4437932, 0.120549574, 1.4990516, 0.2303147, -0.5446901, 0.2774716, 0.102887236, -0.25759667, -0.011269018, -0.34404695, -0.79859906, 0.6049307, 0.48483077, -0.06616682, 0.8153974, -0.9038346, -0.18430202, -1.4661449, -0.9236541, -1.4160267, -0.41347498, 1.4987832, -0.6167798, -0.39553446, -0.6797439, -1.2525396, -0.056115407, 0.5294469, 0.32607335, 0.017061174, 1.5558859, -0.9688152, 0.7526123, 0.29685652, -0.07283722, -0.8050274, 0.07241467, 0.60324425, 0.7625944, 0.20685348, -1.4366404, 0.97356176, -0.039727632, -0.79369783, -0.7885046, 1.0631263, 0.44697827, 1.2695554, -0.14895394, 0.14141047, 0.5820449, 0.46400392, 0.055425018, -0.6839698, 0, 0, 0, 0, 0, 0, 0, 0, 1, 0, 0, 0, 0, 0, 0, 2, 0, 0, 0]"
C=CC=O,Manigand et al. (20),3.40E+14,14.53,"[-5.7632194, 0.28119725, 0.1306507, -2.9283888, 4.2700896, 2.314621, -4.933164, 0.79149675, 2.9075074, 1.5027239, 2.296246, -0.08210662, 0.36257985, 3.5960903, 4.161866, 0.056543216, -5.727114, 2.8364432, 2.4005535, -1.5198575, -1.3566769, -1.1951568, 1.8579824, -0.49839595, -3.4187546, -1.6333048, -1.947998, 3.9720416, -0.14949232, -3.0413072, 0.4581341, -2.419722, -0.42774084, 0.4378121, -2.0105639, -0.6991775, -3.508596, 1.7574104, -1.181258, -0.53948855, 0.86105865, -4.7761316, 0.30018538, -3.8641372, 2.027767, -2.8366067, 5.9884295, 0.7313808, -0.076767124, 0.42531973, -3.1390612, -2.0128293, 1.8314011, 3.446712, 3.9612336, 2.7403605, -3.2150092, -1.8632059, 0.11693022, -1.5295448, 0.87555623, -0.06638971, 1.8692188, 3.5017447, -1.9474663, -0.0065775514, 0.77371967, 0.039572507, -2.2376766, -1.0845872, 0, 0, 0, 0, 0, 0, 0, 0, 0, 0, 0, 0, 0, 0, 0, 4, 0, 0, 0]"
C=CC,Manigand et al. (20),4.20E+16,16.62,"[-3.142677, 0.45593625, 0.9588221, -1.4024658, 3.0899782, 1.1873087, -3.2533746, 0.386155, 1.3780916, 1.4193075, 2.3957126, 0.4449974, 0.8742292, 1.861173, 2.5205605, 0.4469332, -4.02101, 1.8653483, 1.8442833, -1.8660859, -1.5023173, -1.1030177, 0.6121769, 0.63316214, -1.9922076, -2.1153283, -0.3735595, 3.343078, 1.0085908, -2.5577192, 1.6454768, -1.4319319, 0.07884598, -0.6861087, -1.5086035, -0.07732756, -1.9284182, 0.9434936, -1.671742, -0.39612347, -0.21498534, -1.9571888, 1.4100213, -2.0503745, 1.1612033, -1.5652071, 4.4175887, 0.38516313, 0.84709954, 0.4767046, -2.1205935, -0.82247096, 0.8605217, 2.8271663, 2.73139, 2.3504057, -2.0943432, 0.49901232, 0.46122065, -1.41799, -0.58502114, 0.8417169, 1.9765334, 3.6461942, -0.15073134, 0.18294609, 2.26429, 1.0260518, -0.8672191, -1.0018222, 0, 0, 0, 0, 0, 0, 0, 0, 0, 0, 0, 0, 0, 0, 0, 3, 0, 0, 0]"
C#CC,Calcutt et al. (19),1.10E+16,16.04,"[0.3160141, 1.5642866, 1.9347484, -0.55081606, 2.7328758, -1.1517146, -2.5601838, 2.4184856, 2.5202901, 0.10289563, 2.589396, -1.3852551, 2.600799, 1.9883022, 2.802094, 0.73903906, -3.6054516, 1.2374897, 2.0280807, 0.41033983, -0.29822418, 0.2973127, 0.76800346, 2.509693, -3.9062204, -3.0888214, -0.6662866, 4.5524454, 5.1346307, -0.58361936, 2.2665205, -1.9138757, -0.9543618, -0.074843936, 0.2100456, 0.8853544, -2.7885318, 4.0503654, -2.2107399, 0.48327476, -0.1457022, -0.63096136, 0.63339347, 0.5693702, 1.665483, -1.5263395, 1.125804, -0.44704685, 0.23115484, 1.7242405, 0.5442821, -1.5864749, 1.5092858, -0.9812052, 2.8570786, 0.3807574, -3.7547584, -0.85095894, -5.0188184, 0.50177896, 1.3783954, 0.5532981, 4.564292, 6.769327, 0.09334275, -0.88367605, -2.518611, 2.5111086, -2.6932654, 0.5064864, 0, 0, 0, 0, 0, 0, 0, 0, 0, 0, 0, 0, 0, 0, 0, 3, 0, 0, 0]"
CCOC,Manigand et al. (20),1.80E+16,16.26,"[-0.23399766, 0.97853434, 0.07944946, 0.59402955, 8.816753, 0.017411739, -2.189333, -0.89732146, 1.4244313, 2.1286001, 3.003467, -1.1457661, 1.2881156, 1.8038988, 2.7149558, 1.5634255, -6.975689, 0.68518966, 3.1135368, -0.6589738, -1.0710487, -0.18208075, 3.3086927, 0.52801687, -4.562707, -2.6196833, -2.6083858, 1.8936213, 4.5005765, -0.5749345, 1.4148294, -4.817926, 0.13313232, -3.6845942, -0.6139411, -0.16495743, -4.321633, 2.3070402, -2.0341694, 0.9036323, 0.91089284, -1.3638785, -0.95162874, 0.18384543, 2.4574573, -1.822311, 3.74867, -0.4849068, 0.8796538, 0.12490287, -2.4860823, -0.11758769, 0.46879914, -0.04676918, 1.9714673, -0.051674113, -0.33729726, -1.4482049, -1.4476663, -1.9226348, -1.7484821, 0.38291866, 1.5111622, 6.7265854, -0.9821182, -0.33294937, 0.7819122, 3.3179502, 0.24620058, 3.6506312, 0, 0, 0, 0, 0, 0, 0, 0, 0, 0, 0, 0, 0, 0, 0, 4, 0, 0, 0]"
O=CC=CO,Coutens et al. (22),1.00E+15,15,"[-7.586752, -0.35837653, -0.7771295, -2.9906983, 4.9630637, 2.0340843, -6.6391573, 0.99845994, 3.4941418, 2.6527839, 1.4991359, -0.41839737, 0.65273196, 2.4439173, 6.5212183, 0.92237246, -5.4520087, 3.3460689, 3.099032, -1.3184171, 0.29621887, -1.0826023, 4.9619823, -1.3316871, -6.656251, -2.5650454, -3.4583228, 4.931287, 1.2205582, -1.5392047, -0.26511723, -3.0849752, -1.2007612, 0.31905594, -4.310193, -1.6697634, -2.65062, 3.5098302, -0.38270038, 0.29118317, 1.173767, -7.148849, -0.92911005, -4.9451437, 2.956463, -4.2194467, 6.157879, 0.99532646, 1.4470261, 2.2275043, -1.8509685, -1.9185979, 3.1745381, 3.3716636, 4.973633, 2.2179532, -5.2136436, -1.7828755, 0.09502718, 0.2948645, 0.608125, 0.8367967, 1.5535772, 4.3101983, -3.2907722, -0.54651445, -1.3252999, -0.32342237, -1.0224582, -1.479892, 0, 0, 0, 0, 0, 0, 0, 0, 0, 0, 0, 0, 0, 0, 0, 5, 0, 0, 0]"
CN=C=O,Ligertink et al. (2017) (make sure correct),4.00E+15,15.6,"[1.4263514, 0.921404, 2.1009543, -2.0346017, 7.1542683, -1.1662381, -4.8517637, 2.6509416, 5.1845436, -0.10268038, 4.591727, -2.3939323, 1.2652949, 0.54352975, 3.7178743, -3.4425926, -2.2923276, 1.4785398, 1.8281898, -1.3095685, -1.2984202, 0.89817, -0.034904987, 1.121904, -3.9177437, -2.4162107, -4.0475597, 2.8772326, 3.3032053, -1.8715572, 0.20254348, -5.0046034, 2.479788, -0.68667597, -1.4594737, -0.105354264, -1.7321279, 3.2159634, -1.9417931, 0.2991438, 0.62919927, -2.7181463, -1.5286648, -0.036348477, 1.2513602, -5.6873074, 4.345044, -1.0203434, -0.9352716, 4.1029897, 1.909455, 0.4435513, 1.9958993, 2.2764788, 2.4124918, -0.10053222, -2.997332, 1.2064271, -2.7833889, -0.35169083, -0.09938377, 0.7372618, 1.3342178, 5.7586656, -2.2534697, -2.8869019, -0.7946678, 1.4323685, 0.13214692, -1.6015, 0, 0, 0, 0, 0, 0, 0, 0, 0, 0, 0, 0, 0, 0, 0, 4, 0, 0, 0]"
CCC#N,Calcutt et al. (2018b),3.60E+15,15.56,"[1.2017933, 2.5378642, -0.23101243, -1.1029795, 5.074832, 0.6395532, -3.9606724, 0.6854403, 4.160387, 3.1087723, 2.9716916, -0.72230536, 1.4680839, 3.5793028, 3.8806913, 0.8715793, -4.5196958, 0.86795914, 3.2931004, 0.7088347, -0.92059946, 0.2646568, 2.6131237, 1.780185, -4.9247317, -4.77727, -3.3467393, 2.8081923, 4.811631, -0.39665008, 2.7405496, -3.364184, -1.856221, -1.3383087, -1.4120082, 1.8008962, -4.425637, 4.9282846, -1.9719834, 0.9404968, -1.4871497, -1.2290581, 0.05833143, 0.64001167, 2.076191, -1.919644, 2.0213575, -2.867699, 0.21555752, 2.176449, -2.127129, -1.8093588, 3.0733116, 0.17963427, 2.2720358, -0.7368289, -1.8063698, -0.8514532, -3.2973576, -1.453811, 0.020254366, 0.17298706, 3.7895646, 7.941146, 0.69571847, -1.5385576, -3.729874, 0.9985051, -2.1191952, 2.9289296, 0, 0, 0, 0, 0, 0, 0, 0, 0, 0, 0, 0, 0, 0, 0, 4, 0, 0, 0]"
C=CC#N,Calcutt et al. (2018b),7.40E+14,14.87,"[-3.1890066, 1.7893735, 1.3352102, -2.650023, 3.55966, 1.0344043, -5.1951013, 0.19540074, 3.6375463, 1.901383, 3.2313857, 0.15260488, 1.7518171, 4.961485, 5.159435, -0.44516465, -4.4607067, 2.3779254, 3.425601, -0.44587457, -2.4111555, -0.9589638, 1.4980981, 1.0359356, -2.0887237, -3.5764165, -2.625144, 4.1599627, 1.5825504, -3.848673, 2.8966365, -1.7001798, -2.4620101, -0.26864785, -2.4118905, 1.0552175, -4.573586, 3.7944381, -2.1912966, -0.18294501, -0.8147853, -2.5393515, 1.226754, -0.6928662, 1.9977994, -1.4636037, 2.9901175, -3.546623, 0.89407617, 2.2160988, -3.1318145, -2.4822578, 2.682289, 2.5117843, 3.664888, 1.7449157, -2.013197, -0.07408063, -1.8368368, -2.113964, 1.4491116, -0.5434648, 4.2361236, 5.4221683, -0.5124116, -0.66846824, -3.1988862, -0.32179877, -3.2340543, -0.14513701, 0, 0, 0, 0, 0, 0, 0, 0, 0, 0, 0, 0, 0, 0, 0, 4, 0, 0, 0]"
C=C=O,Jorgensen et al. (18),4.80E+16,16.68,"[-0.4177385, 1.9045112, 2.1475246, -2.2495484, 4.627482, 0.32667834, -3.8715913, 1.988004, 3.0406175, 0.79359376, 3.2580266, -0.8923757, 1.5855095, 3.0138261, 3.583942, -1.3183863, -0.7524767, 0.7956617, 0.7898937, -1.1735001, -2.6108055, 1.3047733, -0.8768008, 1.1810762, -1.8900357, -0.14309788, -2.1736405, 2.9567142, 1.7063636, -2.2605906, 0.74932694, -2.0205498, 0.6466799, 0.20776898, 0.3097753, -0.08986828, -1.5452869, 2.5997126, -1.3746346, 0.8400297, 1.3685254, -2.2126071, 0.5599509, -1.0352261, 0.70018727, -1.4944407, 4.800615, -1.3694254, -0.5885193, 2.0252311, -0.23335797, 0.02798301, 1.058179, 2.0187519, 2.5381918, -0.17332275, -3.2247438, -0.24875218, -2.7183332, -0.5902235, 0.68621653, -0.6530325, 2.843518, 3.2856715, -0.49458948, -2.5058968, 0.1822406, -0.9708715, -1.2381405, -2.233842, 0, 0, 0, 0, 0, 0, 0, 0, 0, 0, 0, 0, 0, 0, 0, 3, 0, 0, 0]"
[2H]C=C=O,Jorgensen et al. (18),2.00E+15,15.30103,"[-0.4177385, 1.9045112, 2.1475246, -2.2495484, 4.627482, 0.32667834, -3.8715913, 1.988004, 3.0406175, 0.79359376, 3.2580266, -0.8923757, 1.5855095, 3.0138261, 3.583942, -1.3183863, -0.7524767, 0.7956617, 0.7898937, -1.1735001, -2.6108055, 1.3047733, -0.8768008, 1.1810762, -1.8900357, -0.14309788, -2.1736405, 2.9567142, 1.7063636, -2.2605906, 0.74932694, -2.0205498, 0.6466799, 0.20776898, 0.3097753, -0.08986828, -1.5452869, 2.5997126, -1.3746346, 0.8400297, 1.3685254, -2.2126071, 0.5599509, -1.0352261, 0.70018727, -1.4944407, 4.800615, -1.3694254, -0.5885193, 2.0252311, -0.23335797, 0.02798301, 1.058179, 2.0187519, 2.5381918, -0.17332275, -3.2247438, -0.24875218, -2.7183332, -0.5902235, 0.68621653, -0.6530325, 2.843518, 3.2856715, -0.49458948, -2.5058968, 0.1822406, -0.9708715, -1.2381405, -2.233842, 1, 0, 0, 0, 0, 0, 0, 0, 0, 0, 0, 0, 0, 1, 0, 3, 0, 1, 0]"
[13CH2]=C=O,Jorgensen et al. (18),7.10E+14,14.85125835,"[-0.4177385, 1.9045112, 2.1475246, -2.2495484, 4.627482, 0.32667834, -3.8715913, 1.988004, 3.0406175, 0.79359376, 3.2580266, -0.8923757, 1.5855095, 3.0138261, 3.583942, -1.3183863, -0.7524767, 0.7956617, 0.7898937, -1.1735001, -2.6108055, 1.3047733, -0.8768008, 1.1810762, -1.8900357, -0.14309788, -2.1736405, 2.9567142, 1.7063636, -2.2605906, 0.74932694, -2.0205498, 0.6466799, 0.20776898, 0.3097753, -0.08986828, -1.5452869, 2.5997126, -1.3746346, 0.8400297, 1.3685254, -2.2126071, 0.5599509, -1.0352261, 0.70018727, -1.4944407, 4.800615, -1.3694254, -0.5885193, 2.0252311, -0.23335797, 0.02798301, 1.058179, 2.0187519, 2.5381918, -0.17332275, -3.2247438, -0.24875218, -2.7183332, -0.5902235, 0.68621653, -0.6530325, 2.843518, 3.2856715, -0.49458948, -2.5058968, 0.1822406, -0.9708715, -1.2381405, -2.233842, 0, 0, 0, 0, 1, 0, 0, 0, 0, 0, 1, 0, 0, 0, 0, 3, 0, 0, 0]"
C=[13C]=O,Jorgensen et al. (18),7.10E+14,14.85125835,"[-0.4177385, 1.9045112, 2.1475246, -2.2495484, 4.627482, 0.32667834, -3.8715913, 1.988004, 3.0406175, 0.79359376, 3.2580266, -0.8923757, 1.5855095, 3.0138261, 3.583942, -1.3183863, -0.7524767, 0.7956617, 0.7898937, -1.1735001, -2.6108055, 1.3047733, -0.8768008, 1.1810762, -1.8900357, -0.14309788, -2.1736405, 2.9567142, 1.7063636, -2.2605906, 0.74932694, -2.0205498, 0.6466799, 0.20776898, 0.3097753, -0.08986828, -1.5452869, 2.5997126, -1.3746346, 0.8400297, 1.3685254, -2.2126071, 0.5599509, -1.0352261, 0.70018727, -1.4944407, 4.800615, -1.3694254, -0.5885193, 2.0252311, -0.23335797, 0.02798301, 1.058179, 2.0187519, 2.5381918, -0.17332275, -3.2247438, -0.24875218, -2.7183332, -0.5902235, 0.68621653, -0.6530325, 2.843518, 3.2856715, -0.49458948, -2.5058968, 0.1822406, -0.9708715, -1.2381405, -2.233842, 0, 0, 0, 0, 1, 0, 0, 0, 0, 1, 0, 0, 1, 0, 0, 3, 0, 0, 0]"
O=NO,Coutens et al. (19),9.00E+14,14.95,"[-3.3285553, 0.8857641, 0.4385534, -1.6608123, 2.2697577, -0.38135636, -5.3052316, 2.146947, 4.1628394, -0.6649455, 2.531152, -1.125809, 0.44895807, 0.30964437, 1.896449, -2.5393019, -2.3782983, 2.1150985, 3.934679, -0.7732538, 1.3591082, -0.47044626, 1.4040657, -0.11366249, -3.0462897, -1.2490606, -1.1996312, 0.4813996, 1.8679603, -0.3495314, -1.1910013, -3.8392804, 0.5459402, -1.6022748, -0.6363451, 0.42899722, -0.7431474, 1.4542229, -0.8791187, -0.073412344, -0.45697534, -1.4065876, -1.3334005, 0.15798932, 0.77662814, -3.0942974, 4.7180214, -2.1129804, 0.7804094, 3.3973303, 0.16562569, 0.82958055, 1.1772937, 0.47720283, 1.443511, -2.108344, -2.5628622, 0.41694754, 1.5349295, -0.94301146, -1.3643363, 2.410459, -0.31054676, 3.4787502, -1.6495079, -1.5547762, -0.16594195, -0.0005457194, 0.9166396, -1.4434748, 0, 0, 0, 0, 0, 0, 0, 0, 0, 0, 0, 0, 0, 0, 0, 3, 0, 0, 0]"
[N]=O,Ligertink et al. (2017b),2.00E+16,16.3,"[-0.6009863, 0.76512045, 0.5291988, -0.43983278, 1.1915954, 0.10996631, -1.3841308, -0.11203441, 1.6617815, 0.95995176, 0.79112846, 0.17410079, 0.51562035, 0.4468214, 2.0138335, -0.44497308, -0.5895537, 0.7424158, 1.7209895, 0.18296918, -0.41170114, 0.44691077, 0.6299817, 0.06621562, -1.1869295, -1.0666629, -1.1796595, 0.9144087, 0.7890576, -0.77461815, 0.36934125, -1.2976309, -0.13500689, -0.33282584, -0.66608614, 1.0222187, -1.6321704, 2.0706408, -0.399969, 0.16984405, -0.59795696, -0.82045287, 0.84992206, -0.121917695, -0.06712192, -0.6789145, 0.68404937, -1.3698553, -0.41218546, 1.4832416, -0.6024103, -0.6468375, 0.742288, 0.112485975, 0.53664, 0.16586597, -1.0489476, -0.9937345, -0.8159342, -0.48183927, 0.020904332, -0.2995681, 1.3392484, 1.2801285, 0.3164485, -0.044912122, -1.5125996, -0.42045325, -1.0826421, 0.020706266, 0, 0, 0, 0, 0, 0, 0, 0, 0, 0, 0, 0, 0, 0, 0, 2, 0, 0, 0]"
CC(N)=O,Ligertink et al. (2018),9.00E+14,14.95,"[-2.5569286, -0.85687035, -0.20885377, -1.1873785, 4.0933404, -1.4025781, -2.5289798, 0.67848676, 3.0263171, 1.7961856, 5.74008, -1.3173193, 3.5071182, 0.7494325, 4.708583, -0.8216307, -4.4474525, 1.6290118, 4.671252, -0.9854398, -1.4484553, 1.0478526, 2.1615558, -0.50942534, -1.5425678, -4.296492, -1.0418043, 0.47588134, 3.7204359, 0.73337305, -0.7262535, -4.4427495, 1.0451367, -3.3594823, 1.7005286, -0.9824329, -3.2668266, 1.9268835, 0.6578394, 1.4854212, -2.1396496, -1.5799075, 0.20678103, 0.058364138, 2.1509953, -1.9870057, 5.0412455, -0.7310815, 2.0880632, 1.6207557, -2.1919904, -0.34690553, 0.83790684, 0.36854926, 2.0900533, 1.2724106, -2.394305, -1.3897663, -0.6005274, -1.4039329, -2.4352582, 1.1481526, 2.2075806, 4.2933536, -0.29615608, -1.9588083, 0.72138184, 0.43081522, -1.3460424, -0.8019432, 0, 0, 0, 0, 0, 0, 0, 0, 0, 0, 0, 0, 0, 0, 0, 4, 0, 0, 0]"
C=N,Ligertink et al. (2017b),8.00E+14,14.90308999,"[-1.1485553, 1.595504, 1.1045957, -1.5141557, 1.4354652, 0.32322776, -1.5736066, -0.59894603, 1.8697042, 1.7019694, 1.5115194, -0.5613259, 0.33618048, 0.12770054, 1.8565841, -1.7221375, -1.0119147, -0.13585877, 1.3586656, -1.7927804, -0.112528324, 0.28903863, 1.308112, 0.13930756, -0.09924476, -1.3300357, 0.2436944, 1.8003433, 0.6173294, -1.2029437, 0.6103501, -0.31338015, 1.0839727, -0.22304147, 0.21781398, -0.7505075, -0.6010452, 0.41666287, -0.42890674, 0.26841623, 0.019812077, -0.96510464, 0.77865785, -0.12980138, 0.8892729, -0.108264625, 1.635087, -0.1166057, 0.69945693, 0.24347283, -0.9672827, -0.81095105, -0.49562588, 2.0314918, 1.0047051, -0.043418437, -1.3630173, 0.44480053, 0.1226185, 0.3273219, -0.97516525, -0.5066752, 1.282266, 1.6653321, 0.19703546, -0.19951007, 0.86865497, -0.52502584, -1.3410416, -1.2416644, 0, 0, 0, 0, 0, 0, 0, 0, 0, 0, 0, 0, 0, 0, 0, 2, 0, 0, 0]"
O=[34S]=O,Drozdovskaya et al. (18),4.00E+14,14.60205999,"[-2.6178026, -2.5847244, 2.3014004, -2.0311942, 1.9899375, -0.65852225, -4.3782406, 1.7320877, 3.1358824, 2.4747362, 2.0341501, -0.6153729, 1.4610838, 0.120616995, 3.8401043, 0.34460425, -2.2231548, 1.4646754, 1.4291186, 0.57776666, -1.3846784, 1.5754464, 0.42547995, 0.29820347, -1.9760079, 2.4347963, -2.0723414, -0.10966073, 0.32902727, 0.08836332, -0.2286008, -2.7874608, 2.2616866, 0.7658025, 0.6824516, 0.22115368, 0.6282793, 1.2694459, -0.46024063, 1.4150827, -2.6362653, -2.534671, 0.16847154, 0.57467824, 0.11098297, -2.3503442, 2.1071615, -1.938621, -1.4596477, 4.06392, -1.4995849, -1.6350868, -0.35199055, 3.011463, -0.39127246, -0.055063978, -5.1746845, -0.69045377, -0.2568066, -1.114102, -1.9251132, 2.798351, 1.2823781, 3.1374803, -0.8333368, -1.5264914, 1.6157582, -0.3153533, 1.1812856, -1.2668377, 0, 1, 0, 0, 0, 0, 0, 0, 0, 0, 0, 0, 0, 0, 0, 3, 0, 0, 0]"
O=S=O,Drozdovskaya (18),1.30E+15,15.11,"[-2.6178026, -2.5847244, 2.3014004, -2.0311942, 1.9899375, -0.65852225, -4.3782406, 1.7320877, 3.1358824, 2.4747362, 2.0341501, -0.6153729, 1.4610838, 0.120616995, 3.8401043, 0.34460425, -2.2231548, 1.4646754, 1.4291186, 0.57776666, -1.3846784, 1.5754464, 0.42547995, 0.29820347, -1.9760079, 2.4347963, -2.0723414, -0.10966073, 0.32902727, 0.08836332, -0.2286008, -2.7874608, 2.2616866, 0.7658025, 0.6824516, 0.22115368, 0.6282793, 1.2694459, -0.46024063, 1.4150827, -2.6362653, -2.534671, 0.16847154, 0.57467824, 0.11098297, -2.3503442, 2.1071615, -1.938621, -1.4596477, 4.06392, -1.4995849, -1.6350868, -0.35199055, 3.011463, -0.39127246, -0.055063978, -5.1746845, -0.69045377, -0.2568066, -1.114102, -1.9251132, 2.798351, 1.2823781, 3.1374803, -0.8333368, -1.5264914, 1.6157582, -0.3153533, 1.1812856, -1.2668377, 0, 0, 0, 0, 0, 0, 0, 0, 0, 0, 0, 0, 0, 0, 0, 3, 0, 0, 0]"
[2H]CCO,Jorgensen et al. (18),2.70E+16,16.43136376,"[-1.3597348, 1.4009056, -1.3490344, -0.30872804, 3.96212, 0.34184968, -3.134173, 0.111702286, 1.4343486, 2.696896, 2.1388326, -1.5498546, 1.4222018, 0.80646324, 1.971213, 1.0862609, -3.7154076, -0.26439643, 2.9038057, -0.9563616, 1.371105, -0.10958931, 2.3162754, 0.8257591, -4.746022, -1.837398, -1.7946994, 1.4751153, 3.0271978, -0.058464527, 1.3814309, -2.6542668, -0.6309733, -0.97990996, 0.17388344, 0.21822907, -2.2246006, 1.9873189, -1.5439304, 1.2409858, -0.27407157, -0.27916333, 0.16510917, -0.367702, 1.9291272, -2.0858808, 3.5739198, -1.1233846, 0.74157804, 1.049739, -1.5345025, -0.4627235, 0.40122676, 0.09314364, 1.4940476, -1.189565, -1.8592218, -0.040105104, -0.41718102, 0.11527308, -1.1297174, 1.5648867, 1.4639426, 5.3168864, 0.8857627, -1.4699423, 0.109804764, 0.20042711, 0.54391164, 1.6698812, 1, 0, 0, 0, 0, 0, 0, 0, 0, 0, 0, 0, 0, 1, 0, 3, 0, 1, 0]"
[2H]COC,Jorgensen et al. (18),4.10E+16,16.61278386,"[-0.11140624, -0.6955965, 0.30167863, 1.5268666, 7.0503325, -1.5115238, -0.10851757, -1.3743263, 1.5222296, 0.20190491, 2.227227, -0.52956694, 1.4989834, 0.5424, 2.1139305, 0.8516607, -4.689125, 0.79056525, 2.9706163, -0.6330864, -1.4882905, 1.3104032, 2.4307077, -0.8969041, -3.9177501, -1.3251125, -1.7376583, 1.1976318, 2.425518, -1.9622381, 0.37989005, -4.0318484, 0.20477134, -3.1057286, -0.51489013, -1.1449044, -2.3738885, 1.9271114, -1.896233, 1.2919365, 1.4578826, -2.5368202, 0.22525181, 0.5772, 2.00478, -1.1828753, 2.9090602, -0.7884773, 1.296206, 0.50871813, -0.61626637, -0.8063316, -0.7609782, 0.18608674, 0.82794863, 0.6707607, -1.8558397, -0.6969065, -1.0709474, -1.6756257, -1.9704032, 0.16244107, 0.28239352, 4.4941306, -1.6794902, -0.3247026, -0.44178805, 2.4325724, 0.65841216, 1.7100431, 1, 0, 0, 0, 0, 0, 0, 0, 0, 0, 0, 0, 0, 1, 0, 3, 1, 0, 0]"